District,Year,Crop,Area,Production,Yield,NDVI
Anantapur,2022,Cotton,6054.0,3537.0,0.5842418235877106,0.2057346445326872
Anantapur,2022,Groundnut,204268.0,96624.0,0.4730256329919517,0.2057346445326872
Anantapur,2022,Maize,28132.0,83094.0,2.9537181856960046,0.2057346445326872
Anantapur,2022,Rice,6527.0,18180.0,2.785353148460242,0.2057346445326872
Anantapur,2022,Sugarcane,21.0,1946.0,92.66666666666669,0.2057346445326872
Anantapur,2022,Tobacco,13.0,24.0,1.8461538461538465,0.2057346445326872
Anantapur,2023,Cotton,3194.29,2231.48,0.6985840358890395,0.1963095445735107
Anantapur,2023,Groundnut,70195.48,57385.85,0.8175148884230153,0.1963095445735107
Anantapur,2023,Maize,24716.22,62332.16,2.52191314043976,0.1963095445735107
Anantapur,2023,Rice,9738.01,27240.37,2.797324093937057,0.1963095445735107
Anantapur,2023,Sugarcane,15.0,1428.15,95.21,0.1963095445735107
Anantapur,2023,Tobacco,169.95,379.76,2.2345395704619007,0.1963095445735107
Anantapur,2024,Cotton,3610.03,4029.31,1.1161430791433866,0.1580783904920392
Anantapur,2024,Groundnut,74503.6,62453.37,0.8382597619443892,0.1580783904920392
Anantapur,2024,Maize,26752.65,108255.86,4.046547164486508,0.1580783904920392
Anantapur,2024,Rice,12054.83,41829.99,3.4699775940432174,0.1580783904920392
Anantapur,2024,Sugarcane,5.02,510.95,101.78286852589642,0.1580783904920392
Anantapur,2024,Tobacco,103.39,248.88,2.407196053776961,0.1580783904920392
Chittoor,2015,Cotton,1142.0,2000.0,1.7513134851138354,0.373706498
Chittoor,2015,Groundnut,126574.0,164094.0,1.2964273863510674,0.373706498
Chittoor,2015,Maize,3161.0,11388.0,3.602657386902879,0.373706498
Chittoor,2015,Rice,88153.0,334549.0,3.7950948918357854,0.373706498
Chittoor,2015,Sugarcane,20831.0,1682300.0,80.75944505784648,0.373706498
Chittoor,2015,Tobacco,4.0,7.0,1.75,0.373706498
Chittoor,2016,Cotton,776.0,1706.0,2.198453608247423,0.2719334228284346
Chittoor,2016,Groundnut,147498.0,119968.0,0.8133534014020529,0.2719334228284346
Chittoor,2016,Maize,2031.0,8519.0,4.1944854751354015,0.2719334228284346
Chittoor,2016,Rice,46700.0,170201.0,3.644561027837259,0.2719334228284346
Chittoor,2016,Sugarcane,18214.0,1599699.0,87.82798945865818,0.2719334228284346
Chittoor,2017,Cotton,497.0,1328.0,2.672032193158954,0.2448630578285063
Chittoor,2017,Groundnut,129532.0,263376.0,2.0332890714263656,0.2448630578285063
Chittoor,2017,Maize,2504.0,13864.0,5.536741214057508,0.2448630578285063
Chittoor,2017,Rice,64812.0,246155.0,3.797984941060297,0.2448630578285063
Chittoor,2017,Sugarcane,18177.0,1737420.0,95.58342960884634,0.2448630578285063
Chittoor,2018,Cotton,271.0,335.0,1.236162361623616,0.3096492076690951
Chittoor,2018,Groundnut,109753.0,122263.0,1.1139832168596755,0.3096492076690951
Chittoor,2018,Maize,2036.0,3996.0,1.962671905697446,0.3096492076690951
Chittoor,2018,Rice,43941.0,159767.0,3.6359436517148,0.3096492076690951
Chittoor,2018,Sugarcane,17169.0,1496011.0,87.13442833012988,0.3096492076690951
Chittoor,2019,Cotton,236.0,326.0,1.38135593220339,0.2482282604082922
Chittoor,2019,Groundnut,108269.0,204027.0,1.8844452243947944,0.2482282604082922
Chittoor,2019,Maize,3629.0,11359.0,3.130063378341141,0.2482282604082922
Chittoor,2019,Rice,54519.0,200391.0,3.675617674572168,0.2482282604082922
Chittoor,2019,Sugarcane,14615.0,1361660.0,93.1686623332193,0.2482282604082922
Chittoor,2020,Cotton,93.0,257.0,2.763440860215054,0.3227281225105228
Chittoor,2020,Groundnut,133064.0,154326.0,1.159787771298022,0.3227281225105228
Chittoor,2020,Maize,2400.0,7937.0,3.3070833333333334,0.3227281225105228
Chittoor,2020,Rice,90147.0,322911.0,3.5820493194449066,0.3227281225105228
Chittoor,2020,Sugarcane,11464.0,1044989.0,91.15396022330776,0.3227281225105228
Chittoor,2021,Cotton,145.0,254.0,1.7517241379310344,0.3925728484875326
Chittoor,2021,Groundnut,102884.0,136463.0,1.3263772792659694,0.3925728484875326
Chittoor,2021,Maize,3457.0,14463.0,4.183685276251085,0.3925728484875326
Chittoor,2021,Rice,86842.0,306533.0,3.5297782179129915,0.3925728484875326
Chittoor,2021,Sugarcane,10547.0,1019661.0,96.67782307765242,0.3925728484875326
Chittoor,2022,Cotton,388.0,709.0,1.827319587628866,0.2709770027801239
Chittoor,2022,Groundnut,85867.0,157830.0,1.8380751627516971,0.2709770027801239
Chittoor,2022,Maize,4512.0,27408.0,6.074468085106383,0.2709770027801239
Chittoor,2022,Rice,136391.0,501248.0,3.6750812003724582,0.2709770027801239
Chittoor,2022,Sugarcane,10056.0,937320.0,93.21002386634844,0.2709770027801239
Chittoor,2023,Cotton,141.54,133.42,0.9426310583580612,0.2787221816105547
Chittoor,2023,Groundnut,49427.83,68862.45,1.393191851635,0.2787221816105547
Chittoor,2023,Maize,3547.04,20906.58,5.894091975280798,0.2787221816105547
Chittoor,2023,Rice,129284.6,478057.59,3.6977148863824456,0.2787221816105547
Chittoor,2023,Sugarcane,8091.89,763722.7,94.38125085733986,0.2787221816105547
Chittoor,2024,Cotton,70.08,136.93,1.9539098173515983,0.2321595629733522
Chittoor,2024,Groundnut,43511.07,60876.77,1.3991099276574903,0.2321595629733522
Chittoor,2024,Maize,3365.7000000000003,22195.53,6.59462518941082,0.2321595629733522
Chittoor,2024,Rice,130318.5,474748.02,3.642982538933459,0.2321595629733522
Chittoor,2024,Sugarcane,7144.28,703137.61,98.41966020368744,0.2321595629733522
East Godavari,2015,Cotton,20565.0,60153.0,2.925018234865062,0.27395011
East Godavari,2015,Groundnut,357.0,995.0,2.787114845938375,0.27395011
East Godavari,2015,Maize,11124.0,103792.0,9.330456670262496,0.27395011
East Godavari,2015,Rice,381740.0,1445573.0,3.786799916173312,0.27395011
East Godavari,2015,Sugarcane,11647.0,1037710.0,89.09676311496523,0.27395011
East Godavari,2015,Tobacco,2496.0,10981.0,4.399439102564102,0.27395011
East Godavari,2016,Cotton,12743.0,33744.0,2.6480420623087184,0.3820054162219023
East Godavari,2016,Groundnut,311.0,922.0,2.964630225080386,0.3820054162219023
East Godavari,2016,Maize,10220.0,86652.0,8.47866927592955,0.3820054162219023
East Godavari,2016,Rice,383959.0,1627030.0,4.237509734112236,0.3820054162219023
East Godavari,2016,Sugarcane,10515.0,943395.0,89.71897289586305,0.3820054162219023
East Godavari,2016,Tobacco,2955.0,8999.0,3.045346869712352,0.3820054162219023
East Godavari,2017,Cotton,16364.0,35740.0,2.1840625763871917,0.4228782580036836
East Godavari,2017,Groundnut,164.0,512.0,3.1219512195121952,0.4228782580036836
East Godavari,2017,Maize,11799.0,111510.0,9.450800915331808,0.4228782580036836
East Godavari,2017,Rice,386539.0,1672790.0,4.327609891886718,0.4228782580036836
East Godavari,2017,Sugarcane,10320.0,912540.0,88.42441860465117,0.4228782580036836
East Godavari,2017,Tobacco,2407.0,8103.0,3.3664312422102203,0.4228782580036836
East Godavari,2018,Cotton,11933.0,31637.0,2.651219307801894,0.3722998593734268
East Godavari,2018,Groundnut,181.0,530.0,2.9281767955801103,0.3722998593734268
East Godavari,2018,Maize,9220.0,71977.0,7.806616052060738,0.3722998593734268
East Godavari,2018,Rice,385598.0,1723728.0,4.470272148714464,0.3722998593734268
East Godavari,2018,Sugarcane,9854.0,889636.0,90.2817130099452,0.3722998593734268
East Godavari,2018,Tobacco,2877.0,8022.0,2.788321167883212,0.3722998593734268
East Godavari,2019,Cotton,12896.0,6617.0,0.5131048387096774,0.4482252224204329
East Godavari,2019,Groundnut,151.0,446.0,2.9536423841059603,0.4482252224204329
East Godavari,2019,Maize,10135.0,92903.0,9.16655155402072,0.4482252224204329
East Godavari,2019,Rice,387586.0,1632480.0,4.211916839101516,0.4482252224204329
East Godavari,2019,Sugarcane,8134.0,725240.0,89.16154413572659,0.4482252224204329
East Godavari,2019,Tobacco,2652.0,8360.0,3.152337858220211,0.4482252224204329
East Godavari,2020,Cotton,6962.0,15995.0,2.297471990807239,0.4916267395500971
East Godavari,2020,Groundnut,246.0,758.0,3.0813008130081303,0.4916267395500971
East Godavari,2020,Maize,7327.0,54116.0,7.385833219598744,0.4916267395500971
East Godavari,2020,Rice,398611.0,1424839.0,3.5745099859261287,0.4916267395500971
East Godavari,2020,Sugarcane,1722.0,132108.0,76.71777003484321,0.4916267395500971
East Godavari,2020,Tobacco,1491.0,4166.0,2.7940979208584844,0.4916267395500971
East Godavari,2021,Cotton,5023.0,18529.0,3.688831375671909,0.4609006951098997
East Godavari,2021,Groundnut,227.0,753.0,3.317180616740088,0.4609006951098997
East Godavari,2021,Maize,7610.0,67781.0,8.906833114323259,0.4609006951098997
East Godavari,2021,Rice,430625.0,1447672.0,3.3617927431059504,0.4609006951098997
East Godavari,2021,Sugarcane,922.0,71829.0,77.90563991323211,0.4609006951098997
East Godavari,2021,Tobacco,1231.0,3743.0,3.040617384240455,0.4609006951098997
East Godavari,2022,Cotton,2262.0,8058.0,3.5623342175066317,0.3312819289048507
East Godavari,2022,Groundnut,629.0,1989.0,3.1621621621621623,0.3312819289048507
East Godavari,2022,Maize,11248.0,113484.0,10.089260312944525,0.3312819289048507
East Godavari,2022,Rice,413996.0,1775461.0,4.288594575793002,0.3312819289048507
East Godavari,2022,Sugarcane,1755.0,155592.0,88.65641025641025,0.3312819289048507
East Godavari,2022,Tobacco,5302.0,15358.0,2.8966427763108262,0.3312819289048507
East Godavari,2023,Cotton,1860.16,8138.89,4.375370935833477,0.3515665485023254
East Godavari,2023,Groundnut,709.01,2580.0600000000004,3.6389613686689897,0.3515665485023254
East Godavari,2023,Maize,9497.17,93674.85,9.863448795799169,0.3515665485023254
East Godavari,2023,Rice,408665.32,1792827.52,4.387031226432426,0.3515665485023254
East Godavari,2023,Sugarcane,1580.17,115272.51,72.94943582019657,0.3515665485023254
East Godavari,2023,Tobacco,21.24,71.21,3.3526365348399247,0.3515665485023254
East Godavari,2024,Cotton,2143.4,9457.9,4.412568815899972,0.3274770369772309
East Godavari,2024,Groundnut,656.71,2265.59,3.4499093968418326,0.3274770369772309
East Godavari,2024,Maize,9594.01,94450.45,9.84473124376564,0.3274770369772309
East Godavari,2024,Rice,416813.33,1841429.92,4.417876750726759,0.3274770369772309
East Godavari,2024,Sugarcane,991.78,82219.34,82.9007844481639,0.3274770369772309
East Godavari,2024,Tobacco,6391.91,17009.26,2.661060621942424,0.3274770369772309
Guntur,2015,Cotton,198299.0,769050.0,3.8782343834310815,0.317920524
Guntur,2015,Groundnut,2892.0,9716.0,3.359612724757953,0.317920524
Guntur,2015,Maize,32068.0,290402.0,9.055818884869652,0.317920524
Guntur,2015,Rice,163218.0,474871.0,2.909427881728731,0.317920524
Guntur,2015,Sugarcane,332.0,34260.0,103.19277108433737,0.317920524
Guntur,2015,Tobacco,1986.0,7194.0,3.622356495468278,0.317920524
Guntur,2016,Cotton,141864.0,654238.0,4.6117267241865445,0.3045626230319914
Guntur,2016,Groundnut,3741.0,12022.0,3.2135792568831865,0.3045626230319914
Guntur,2016,Maize,35066.0,311209.0,8.874950094108254,0.3045626230319914
Guntur,2016,Rice,175940.0,735531.0,4.180578606343071,0.3045626230319914
Guntur,2016,Sugarcane,267.0,28341.0,106.14606741573034,0.3045626230319914
Guntur,2016,Tobacco,1720.0,4019.0,2.3366279069767444,0.3045626230319914
Guntur,2017,Cotton,183735.0,802213.0,4.366141453724113,0.2815055743042832
Guntur,2017,Groundnut,3904.0,16505.0,4.227715163934426,0.2815055743042832
Guntur,2017,Maize,58112.0,622875.0,10.718526294052865,0.2815055743042832
Guntur,2017,Rice,202491.0,852842.0,4.211752621104148,0.2815055743042832
Guntur,2017,Sugarcane,226.0,24090.0,106.59292035398232,0.2815055743042832
Guntur,2017,Tobacco,3753.0,10889.0,2.901412203570477,0.2815055743042832
Guntur,2018,Cotton,176695.0,743466.0,4.207623305696257,0.3002218910017459
Guntur,2018,Groundnut,2807.0,10424.0,3.713573209832561,0.3002218910017459
Guntur,2018,Maize,37878.0,346124.0,9.137863667564286,0.3002218910017459
Guntur,2018,Rice,246838.0,979193.0,3.966945932149831,0.3002218910017459
Guntur,2018,Sugarcane,221.0,21167.0,95.77828054298642,0.3002218910017459
Guntur,2018,Tobacco,5605.0,12756.0,2.2758251561106158,0.3002218910017459
Guntur,2019,Cotton,182419.0,167600.0,0.9187639445452502,0.2851809819444912
Guntur,2019,Groundnut,3211.0,11681.0,3.6378075365929616,0.2851809819444912
Guntur,2019,Maize,48100.0,502864.0,10.454553014553014,0.2851809819444912
Guntur,2019,Rice,246702.0,983049.0,3.984762993409052,0.2851809819444912
Guntur,2019,Sugarcane,120.0,11006.0,91.71666666666668,0.2851809819444912
Guntur,2019,Tobacco,5000.0,13074.0,2.6148,0.2851809819444912
Guntur,2020,Cotton,162795.0,458342.0,2.8154550201173256,0.3353340587887793
Guntur,2020,Groundnut,3996.0,17109.0,4.281531531531532,0.3353340587887793
Guntur,2020,Maize,40787.0,392116.0,9.613749479000662,0.3353340587887793
Guntur,2020,Rice,255285.0,831187.0,3.2559178956852146,0.3353340587887793
Guntur,2020,Sugarcane,158.0,14450.0,91.45569620253164,0.3353340587887793
Guntur,2020,Tobacco,3152.0,8672.0,2.751269035532995,0.3353340587887793
Guntur,2021,Cotton,109585.0,383294.0,3.4976867271980656,0.3542736299699568
Guntur,2021,Groundnut,5052.0,24154.0,4.781076801266825,0.3542736299699568
Guntur,2021,Maize,62922.0,506480.0,8.049330917644067,0.3542736299699568
Guntur,2021,Rice,254172.0,766598.0,3.0160599908723227,0.3542736299699568
Guntur,2021,Sugarcane,153.0,14576.0,95.26797385620915,0.3542736299699568
Guntur,2021,Tobacco,3862.0,8240.0,2.1336095287415846,0.3542736299699568
Guntur,2022,Cotton,137573.0,418411.0,3.0413743975925507,0.2780986626990415
Guntur,2022,Groundnut,5466.0,24160.0,4.420051225759239,0.2780986626990415
Guntur,2022,Maize,81916.0,895921.0,10.937069681136776,0.2780986626990415
Guntur,2022,Rice,236207.0,959503.0,4.062127710017061,0.2780986626990415
Guntur,2022,Sugarcane,246.0,18324.0,74.48780487804878,0.2780986626990415
Guntur,2022,Tobacco,9052.0,24329.0,2.6876933274414494,0.2780986626990415
Guntur,2023,Cotton,84948.72,286655.82,3.374457201944891,0.2907429565599448
Guntur,2023,Groundnut,4891.16,17109.37,3.498018874868129,0.2907429565599448
Guntur,2023,Maize,38511.74,345703.04,8.97656247159957,0.2907429565599448
Guntur,2023,Rice,164226.09,585339.22,3.5642279494080387,0.2907429565599448
Guntur,2023,Sugarcane,136.01999999999998,10849.15,79.76143214233201,0.2907429565599448
Guntur,2023,Tobacco,18864.94,60933.38,3.229980058245613,0.2907429565599448
Guntur,2024,Cotton,89528.94,338770.01,3.783916239821448,0.229016849019678
Guntur,2024,Groundnut,3579.32,12603.04,3.521071041426864,0.229016849019678
Guntur,2024,Maize,62975.98,545268.95,8.658363871431616,0.229016849019678
Guntur,2024,Rice,215895.58,805198.5900000001,3.729574222872002,0.229016849019678
Guntur,2024,Sugarcane,90.35,8325.74,92.14986164914222,0.229016849019678
Guntur,2024,Tobacco,38554.23,113864.98,2.9533719127576923,0.229016849019678
Kadapa,2015,Cotton,33509.0,47743.0,1.4247814020114,0.344226749
Kadapa,2015,Groundnut,50659.0,83641.0,1.6510590418286977,0.344226749
Kadapa,2015,Maize,1549.0,2546.0,1.6436410587475792,0.344226749
Kadapa,2015,Rice,40263.0,123127.0,3.0580682015746468,0.344226749
Kadapa,2015,Sugarcane,261.0,19485.0,74.65517241379311,0.344226749
Kadapa,2015,Tobacco,40.0,71.0,1.775,0.344226749
Kadapa,2016,Cotton,19400.0,17947.0,0.9251030927835052,0.268705956772545
Kadapa,2016,Groundnut,65411.0,65546.0,1.0020638730488756,0.268705956772545
Kadapa,2016,Maize,2745.0,14142.0,5.1519125683060105,0.268705956772545
Kadapa,2016,Rice,50329.0,165640.0,3.2911442706988017,0.268705956772545
Kadapa,2016,Sugarcane,245.0,19005.0,77.57142857142857,0.268705956772545
Kadapa,2016,Tobacco,98.0,163.0,1.663265306122449,0.268705956772545
Kadapa,2017,Cotton,24803.0,17976.0,0.7247510381808652,0.1948980383059271
Kadapa,2017,Groundnut,44373.0,71662.0,1.614991098190341,0.1948980383059271
Kadapa,2017,Maize,3373.0,38346.0,11.368514675363178,0.1948980383059271
Kadapa,2017,Rice,54979.0,139764.0,2.542134269448334,0.1948980383059271
Kadapa,2017,Sugarcane,276.0,26851.0,97.28623188405795,0.1948980383059271
Kadapa,2017,Tobacco,49.0,68.0,1.3877551020408163,0.1948980383059271
Kadapa,2018,Cotton,11617.0,23646.0,2.035465266419902,0.2404003151392108
Kadapa,2018,Groundnut,19740.0,15256.0,0.7728470111448835,0.2404003151392108
Kadapa,2018,Maize,4210.0,12206.0,2.899287410926366,0.2404003151392108
Kadapa,2018,Rice,45840.0,147711.0,3.2223167539267017,0.2404003151392108
Kadapa,2018,Sugarcane,402.0,26318.0,65.46766169154229,0.2404003151392108
Kadapa,2018,Tobacco,104.0,134.0,1.2884615384615383,0.2404003151392108
Kadapa,2019,Cotton,14542.0,14331.0,0.9854903039471876,0.2031356708899611
Kadapa,2019,Groundnut,21827.0,52818.0,2.419846978512851,0.2031356708899611
Kadapa,2019,Maize,2344.0,985.0,0.420221843003413,0.2031356708899611
Kadapa,2019,Rice,41809.0,129564.0,3.098949986844937,0.2031356708899611
Kadapa,2019,Sugarcane,182.0,12922.0,71.0,0.2031356708899611
Kadapa,2019,Tobacco,102.0,330.0,3.235294117647059,0.2031356708899611
Kadapa,2020,Cotton,16548.0,16980.0,1.0261058738216098,0.2664203157038412
Kadapa,2020,Groundnut,42014.0,52928.0,1.2597705526729186,0.2664203157038412
Kadapa,2020,Maize,1953.0,8692.0,4.450588837685612,0.2664203157038412
Kadapa,2020,Rice,60187.0,147866.0,2.456776380281456,0.2664203157038412
Kadapa,2020,Sugarcane,70.0,5351.0,76.44285714285714,0.2664203157038412
Kadapa,2020,Tobacco,73.0,160.0,2.191780821917808,0.2664203157038412
Kadapa,2021,Cotton,29143.0,53660.0,1.8412654839927256,0.3076963526190771
Kadapa,2021,Groundnut,35562.0,44802.0,1.2598279061920028,0.3076963526190771
Kadapa,2021,Maize,1839.0,5811.0,3.159869494290376,0.3076963526190771
Kadapa,2021,Rice,70502.0,141251.0,2.003503446710732,0.3076963526190771
Kadapa,2021,Sugarcane,125.0,8650.0,69.2,0.3076963526190771
Kadapa,2021,Tobacco,54.0,107.0,1.9814814814814812,0.3076963526190771
Kadapa,2022,Cotton,49724.0,40985.0,0.8242498592229105,0.2351801183637855
Kadapa,2022,Groundnut,9285.0,21477.0,2.313085621970921,0.2351801183637855
Kadapa,2022,Maize,1847.0,6240.0,3.378451543042772,0.2351801183637855
Kadapa,2022,Rice,38047.0,126196.0,3.3168449549241728,0.2351801183637855
Kadapa,2022,Sugarcane,87.0,8304.0,95.44827586206895,0.2351801183637855
Kadapa,2022,Tobacco,82.0,152.0,1.853658536585366,0.2351801183637855
Kadapa,2023,Cotton,23129.96,19334.64,0.8359132484448741,0.2292697356862009
Kadapa,2023,Groundnut,9621.15,21365.58,2.220688794998519,0.2292697356862009
Kadapa,2023,Maize,2506.04,10053.52,4.011715694881167,0.2292697356862009
Kadapa,2023,Rice,32080.06,108284.39,3.375442252913492,0.2292697356862009
Kadapa,2023,Sugarcane,52.01,4968.51,95.52989809651991,0.2292697356862009
Kadapa,2023,Tobacco,998.48,2136.27,2.139522073551799,0.2292697356862009
Kadapa,2024,Cotton,13444.01,18796.29,1.3981163358253974,0.1974766414559311
Kadapa,2024,Groundnut,5331.12,10866.79,2.0383690481549843,0.1974766414559311
Kadapa,2024,Maize,4097.49,15715.72,3.83545048310063,0.1974766414559311
Kadapa,2024,Rice,35237.81,114882.12,3.2601946602243443,0.1974766414559311
Kadapa,2024,Sugarcane,39.15,4006.27,102.33128991060026,0.1974766414559311
Kadapa,2024,Tobacco,400.5,738.69,1.8444194756554309,0.1974766414559311
Krishna,2015,Cotton,52784.0,200829.0,3.804732494695362,0.238032321
Krishna,2015,Groundnut,1865.0,6327.0,3.392493297587132,0.238032321
Krishna,2015,Maize,19628.0,114135.0,5.81490727532097,0.238032321
Krishna,2015,Rice,220679.0,762638.0,3.455870291237499,0.238032321
Krishna,2015,Sugarcane,14555.0,1491656.0,102.48409481277912,0.238032321
Krishna,2015,Tobacco,1539.0,8394.0,5.454191033138401,0.238032321
Krishna,2016,Cotton,37312.0,159453.0,4.273504502572899,0.3013452746008171
Krishna,2016,Groundnut,1610.0,6121.0,3.801863354037267,0.3013452746008171
Krishna,2016,Maize,20089.0,134913.0,6.715764846433372,0.3013452746008171
Krishna,2016,Rice,231409.0,897716.0,3.8793478213898336,0.3013452746008171
Krishna,2016,Sugarcane,10983.0,993610.0,90.4679959938086,0.3013452746008171
Krishna,2016,Tobacco,1479.0,6766.0,4.574712643678161,0.3013452746008171
Krishna,2017,Cotton,48357.0,195830.0,4.049672229460057,0.3121394607310597
Krishna,2017,Groundnut,1854.0,5653.0,3.0490830636461705,0.3121394607310597
Krishna,2017,Maize,28835.0,189852.0,6.584081844980059,0.3121394607310597
Krishna,2017,Rice,258728.0,1031955.0,3.9885710089360256,0.3121394607310597
Krishna,2017,Sugarcane,10258.0,945664.0,92.18795086761553,0.3121394607310597
Krishna,2017,Tobacco,1320.0,6943.0,5.259848484848485,0.3121394607310597
Krishna,2018,Cotton,47109.0,174431.0,3.702710734679149,0.2710523688513333
Krishna,2018,Groundnut,1576.0,6547.0,4.154187817258883,0.2710523688513333
Krishna,2018,Maize,21433.0,128312.0,5.986656091074512,0.2710523688513333
Krishna,2018,Rice,274014.0,1147048.0,4.1860926813958415,0.2710523688513333
Krishna,2018,Sugarcane,13133.0,1304989.0,99.36716667935734,0.2710523688513333
Krishna,2018,Tobacco,1702.0,8684.0,5.102232667450059,0.2710523688513333
Krishna,2019,Cotton,48423.0,37671.0,0.7779567560869834,0.3441938589555884
Krishna,2019,Groundnut,1492.0,6185.0,4.14544235924933,0.3441938589555884
Krishna,2019,Maize,25657.0,149046.0,5.809174884047239,0.3441938589555884
Krishna,2019,Rice,315036.0,1261309.0,4.003697990070976,0.3441938589555884
Krishna,2019,Sugarcane,8996.0,834188.0,92.72876834148512,0.3441938589555884
Krishna,2019,Tobacco,1152.0,5657.0,4.910590277777778,0.3441938589555884
Krishna,2020,Cotton,47851.0,111337.0,2.326743432739128,0.3391449491160779
Krishna,2020,Groundnut,1912.0,5033.0,2.632322175732217,0.3391449491160779
Krishna,2020,Maize,27123.0,154727.0,5.704641816908159,0.3391449491160779
Krishna,2020,Rice,338617.0,1198556.0,3.5395623964538108,0.3391449491160779
Krishna,2020,Sugarcane,4457.0,403344.0,90.49674669059904,0.3391449491160779
Krishna,2020,Tobacco,1066.0,5631.0,5.282363977485929,0.3391449491160779
Krishna,2021,Cotton,36172.0,137397.0,3.79843525378746,0.3554764997001468
Krishna,2021,Groundnut,1984.0,5967.0,3.0075604838709675,0.3554764997001468
Krishna,2021,Maize,24544.0,130576.0,5.320078226857888,0.3554764997001468
Krishna,2021,Rice,268513.0,928371.0,3.4574527117867664,0.3554764997001468
Krishna,2021,Sugarcane,4381.0,441636.0,100.80712166172108,0.3554764997001468
Krishna,2021,Tobacco,1207.0,7044.0,5.835956917978459,0.3554764997001468
Krishna,2022,Cotton,39531.0,131942.0,3.3376843489919303,0.2713934168096971
Krishna,2022,Groundnut,1125.0,3049.0,2.7102222222222223,0.2713934168096971
Krishna,2022,Maize,19100.0,125493.0,6.570314136125655,0.2713934168096971
Krishna,2022,Rice,231409.0,913997.0,3.949703771244853,0.2713934168096971
Krishna,2022,Sugarcane,3896.0,399503.0,102.54183778234086,0.2713934168096971
Krishna,2022,Tobacco,85.0,220.0,2.588235294117647,0.2713934168096971
Krishna,2023,Cotton,29530.57,128746.92,4.359784453872716,0.2889550459456151
Krishna,2023,Groundnut,1459.02,3482.15,2.386636235281216,0.2889550459456151
Krishna,2023,Maize,14260.23,95077.71,6.667333556331139,0.2889550459456151
Krishna,2023,Rice,207315.09,787388.3,3.798026955008437,0.2889550459456151
Krishna,2023,Sugarcane,2610.29,271944.93,104.18188400522548,0.2889550459456151
Krishna,2024,Cotton,31326.97,111832.36,3.5698428542562524,0.2290217416077779
Krishna,2024,Groundnut,994.92,3149.65,3.1657319181441723,0.2290217416077779
Krishna,2024,Maize,18135.41,122196.22,6.737990483810402,0.2290217416077779
Krishna,2024,Rice,225847.07,847464.3899999999,3.7523816005228663,0.2290217416077779
Krishna,2024,Sugarcane,2294.76,264089.42,115.08367759591415,0.2290217416077779
Krishna,2024,Tobacco,79.3,230.8,2.9104665825977305,0.2290217416077779
Kurnool,2015,Cotton,200130.0,366424.0,1.8309298955678808,0.214532733
Kurnool,2015,Groundnut,86930.0,94432.0,1.0862993212929943,0.214532733
Kurnool,2015,Maize,23558.0,96198.0,4.0834536038712965,0.214532733
Kurnool,2015,Rice,55592.0,171582.0,3.0864512879551014,0.214532733
Kurnool,2015,Sugarcane,960.0,95616.0,99.6,0.214532733
Kurnool,2015,Tobacco,6696.0,11879.0,1.7740442054958183,0.214532733
Kurnool,2016,Cotton,176195.0,531777.0,3.018116291608729,0.2623162389388685
Kurnool,2016,Groundnut,130958.0,135296.0,1.0331251240855848,0.2623162389388685
Kurnool,2016,Maize,35753.0,194692.0,5.445473107151847,0.2623162389388685
Kurnool,2016,Rice,108715.0,434885.0,4.000229959067286,0.2623162389388685
Kurnool,2016,Sugarcane,406.0,42708.0,105.19211822660098,0.2623162389388685
Kurnool,2016,Tobacco,6882.0,11486.0,1.6689915722173787,0.2623162389388685
Kurnool,2017,Cotton,259225.0,733779.0,2.830664480663516,0.1809951253855989
Kurnool,2017,Groundnut,100107.0,152121.0,1.5195840450717732,0.1809951253855989
Kurnool,2017,Maize,52632.0,286649.0,5.446287429700562,0.1809951253855989
Kurnool,2017,Rice,102090.0,362463.0,3.550426094622392,0.1809951253855989
Kurnool,2017,Sugarcane,453.0,59259.0,130.81456953642385,0.1809951253855989
Kurnool,2017,Tobacco,4848.0,6753.0,1.3929455445544554,0.1809951253855989
Kurnool,2018,Cotton,259498.0,304183.0,1.1721978589430362,0.2186569902934997
Kurnool,2018,Groundnut,98412.0,61942.0,0.6294151119782141,0.2186569902934997
Kurnool,2018,Maize,48393.0,222922.0,4.6064926745603705,0.2186569902934997
Kurnool,2018,Rice,109897.0,420986.0,3.8307324130777,0.2186569902934997
Kurnool,2018,Sugarcane,695.0,62800.0,90.35971223021583,0.2186569902934997
Kurnool,2018,Tobacco,5232.0,6917.0,1.3220565749235471,0.2186569902934997
Kurnool,2019,Cotton,274620.0,153618.0,0.5593838759012454,0.1847367492259524
Kurnool,2019,Groundnut,95073.0,166896.0,1.7554510744375376,0.1847367492259524
Kurnool,2019,Maize,44766.0,237135.0,5.297212169950408,0.1847367492259524
Kurnool,2019,Rice,121473.0,481209.0,3.961448223061915,0.1847367492259524
Kurnool,2019,Sugarcane,345.0,29835.0,86.47826086956522,0.1847367492259524
Kurnool,2019,Tobacco,3274.0,5045.0,1.5409285277947464,0.1847367492259524
Kurnool,2020,Cotton,275801.0,862960.0,3.128922665255021,0.247505710371564
Kurnool,2020,Groundnut,124593.0,158490.0,1.2720618333293203,0.247505710371564
Kurnool,2020,Maize,59066.0,237793.0,4.025886296685064,0.247505710371564
Kurnool,2020,Rice,122938.0,400245.0,3.255665457385023,0.247505710371564
Kurnool,2020,Sugarcane,186.0,20397.0,109.66129032258064,0.247505710371564
Kurnool,2020,Tobacco,3540.0,7739.0,2.1861581920903954,0.247505710371564
Kurnool,2021,Cotton,266371.0,508879.0,1.9104144219903816,0.25910886930882
Kurnool,2021,Groundnut,113990.0,101225.0,0.888016492674796,0.25910886930882
Kurnool,2021,Maize,70450.0,289915.0,4.1151880766501066,0.25910886930882
Kurnool,2021,Rice,117156.0,382980.0,3.268974700399468,0.25910886930882
Kurnool,2021,Sugarcane,128.0,14304.0,111.75,0.25910886930882
Kurnool,2021,Tobacco,2850.0,5977.0,2.09719298245614,0.25910886930882
Kurnool,2022,Cotton,305799.0,672104.0,2.1978619943165283,0.2116887522910072
Kurnool,2022,Groundnut,72215.0,100121.0,1.3864294121719865,0.2116887522910072
Kurnool,2022,Maize,85739.0,400265.0,4.668412274460864,0.2116887522910072
Kurnool,2022,Rice,114529.0,448761.0,3.91831763134228,0.2116887522910072
Kurnool,2022,Sugarcane,178.0,17118.0,96.1685393258427,0.2116887522910072
Kurnool,2022,Tobacco,3427.0,7979.0,2.3282754595856434,0.2116887522910072
Kurnool,2023,Cotton,214286.14,222652.14,1.0390412557713715,0.2099442024776289
Kurnool,2023,Groundnut,48530.670000000006,50239.79,1.035217317214042,0.2099442024776289
Kurnool,2023,Maize,73636.70999999999,310543.97,4.217243953457453,0.2099442024776289
Kurnool,2023,Rice,78433.09999999999,305441.22000000003,3.894289783267524,0.2099442024776289
Kurnool,2023,Sugarcane,113.01,10781.19,95.40031855588,0.2099442024776289
Kurnool,2023,Tobacco,18992.42,49177.01,2.5892966773059998,0.2099442024776289
Kurnool,2024,Cotton,205008.86,534864.7000000001,2.6089833385737573,0.1640922773847591
Kurnool,2024,Groundnut,63818.13,85678.34,1.3425391812640075,0.1640922773847591
Kurnool,2024,Maize,82091.92,400862.94,4.8830986045886124,0.1640922773847591
Kurnool,2024,Rice,124838.3,498198.88,3.990753478700047,0.1640922773847591
Kurnool,2024,Sugarcane,93.36,9553.47,102.32937017994858,0.1640922773847591
Kurnool,2024,Tobacco,21490.4,51679.86,2.40478818449168,0.1640922773847591
Nellore,2015,Cotton,5615.0,13341.0,2.3759572573463936,
Nellore,2015,Groundnut,10603.0,35213.0,3.3210412147505424,
Nellore,2015,Maize,907.0,5681.0,6.263506063947078,
Nellore,2015,Rice,288250.0,1289686.0,4.474192541196878,
Nellore,2015,Sugarcane,1896.0,195847.0,103.29483122362868,
Nellore,2015,Tobacco,8207.0,9331.0,1.1369562568539051,
Nellore,2016,Cotton,7608.0,18524.0,2.4348054679284963,0.2412773764624831
Nellore,2016,Groundnut,15555.0,44356.0,2.8515589842494373,0.2412773764624831
Nellore,2016,Maize,923.0,3756.0,4.069339111592632,0.2412773764624831
Nellore,2016,Rice,204628.0,865094.0,4.227642355884825,0.2412773764624831
Nellore,2016,Sugarcane,1184.0,114425.0,96.64273648648648,0.2412773764624831
Nellore,2016,Tobacco,4154.0,4407.0,1.0609051516610497,0.2412773764624831
Nellore,2017,Cotton,4827.0,9486.0,1.9651957737725296,0.2601833479803214
Nellore,2017,Groundnut,12062.0,42450.0,3.519316862875145,0.2601833479803214
Nellore,2017,Maize,846.0,6226.0,7.359338061465721,0.2601833479803214
Nellore,2017,Rice,224528.0,1036542.0,4.616537803748307,0.2601833479803214
Nellore,2017,Sugarcane,962.0,99086.0,103.0,0.2601833479803214
Nellore,2017,Tobacco,4634.0,5366.0,1.1579628830384117,0.2601833479803214
Nellore,2018,Cotton,3014.0,7992.0,2.6516257465162574,0.2520438009123621
Nellore,2018,Groundnut,9488.0,38314.0,4.038153456998313,0.2520438009123621
Nellore,2018,Maize,742.0,4177.0,5.629380053908355,0.2520438009123621
Nellore,2018,Rice,166863.0,685185.0,4.106272810629079,0.2520438009123621
Nellore,2018,Sugarcane,738.0,62670.0,84.91869918699187,0.2520438009123621
Nellore,2018,Tobacco,4504.0,5202.0,1.1549733570159857,0.2520438009123621
Nellore,2019,Cotton,2037.0,3025.0,1.485027000490918,0.2437049012403829
Nellore,2019,Groundnut,8955.0,36469.0,4.072473478503629,0.2437049012403829
Nellore,2019,Maize,476.0,3555.0,7.468487394957983,0.2437049012403829
Nellore,2019,Rice,232405.0,989475.0,4.257546094102967,0.2437049012403829
Nellore,2019,Sugarcane,350.0,29592.0,84.54857142857144,0.2437049012403829
Nellore,2019,Tobacco,6061.0,9479.0,1.5639333443326184,0.2437049012403829
Nellore,2020,Cotton,3368.0,9241.0,2.7437648456057007,0.3220889932229152
Nellore,2020,Groundnut,13808.0,55737.0,4.036573001158748,0.3220889932229152
Nellore,2020,Maize,582.0,2644.0,4.542955326460481,0.3220889932229152
Nellore,2020,Rice,313218.0,1226945.0,3.917223786627844,0.3220889932229152
Nellore,2020,Sugarcane,22.0,682.0,31.0,0.3220889932229152
Nellore,2020,Tobacco,3687.0,5409.0,1.467046379170057,0.3220889932229152
Nellore,2021,Cotton,6715.0,19913.0,2.9654504839910647,0.3222699715434287
Nellore,2021,Groundnut,10475.0,42639.0,4.07054892601432,0.3222699715434287
Nellore,2021,Maize,524.0,2738.0,5.2251908396946565,0.3222699715434287
Nellore,2021,Rice,273534.0,1169190.0,4.27438636513194,0.3222699715434287
Nellore,2021,Sugarcane,7.0,553.0,79.0,0.3222699715434287
Nellore,2021,Tobacco,3497.0,5190.0,1.4841292536459822,0.3222699715434287
Nellore,2022,Cotton,15656.0,39161.0,2.501341338783853,0.2453767625444941
Nellore,2022,Groundnut,8378.0,34538.0,4.122463595130102,0.2453767625444941
Nellore,2022,Maize,829.0,4160.0,5.018094089264173,0.2453767625444941
Nellore,2022,Rice,150491.0,671290.0,4.46066542185247,0.2453767625444941
Nellore,2022,Tobacco,6600.0,11068.0,1.676969696969697,0.2453767625444941
Nellore,2023,Cotton,264.02,944.26,3.5764714794333763,0.2380146097026671
Nellore,2023,Groundnut,5347.03,22034.01,4.120794160496574,0.2380146097026671
Nellore,2023,Maize,835.01,5077.25,6.080466102202369,0.2380146097026671
Nellore,2023,Rice,148677.74,635886.61,4.276945627502813,0.2380146097026671
Nellore,2024,Cotton,3556.97,21313.11,5.991928523434272,0.2270890279251418
Nellore,2024,Groundnut,5226.65,21498.58,4.113261840758422,0.2270890279251418
Nellore,2024,Maize,975.69,5457.75,5.59373366540602,0.2270890279251418
Nellore,2024,Rice,140968.26,586523.03,4.160674395782427,0.2270890279251418
Nellore,2024,Tobacco,10075.69,17354.94,1.7224567250481106,0.2270890279251418
Prakasam,2015,Cotton,58239.0,164049.0,2.8168237778808014,
Prakasam,2015,Groundnut,6423.0,19129.0,2.9782033317764283,
Prakasam,2015,Maize,9743.0,56114.0,5.759417017345787,
Prakasam,2015,Rice,44385.0,178687.0,4.02584206376028,
Prakasam,2015,Sugarcane,628.0,49946.0,79.53184713375796,
Prakasam,2015,Tobacco,53990.0,106266.0,1.9682533802556028,
Prakasam,2016,Cotton,15776.0,48592.0,3.0801217038539552,0.2812426375875541
Prakasam,2016,Groundnut,6192.0,17918.0,2.893733850129199,0.2812426375875541
Prakasam,2016,Maize,7657.0,57928.0,7.565365025466893,0.2812426375875541
Prakasam,2016,Rice,40072.0,143898.0,3.590986224795369,0.2812426375875541
Prakasam,2016,Sugarcane,444.0,34632.0,78.0,0.2812426375875541
Prakasam,2016,Tobacco,39123.0,81126.0,2.073613986657465,0.2812426375875541
Prakasam,2017,Cotton,35572.0,85473.0,2.4028168222197235,0.1954524466946829
Prakasam,2017,Groundnut,4292.0,10406.0,2.424510717614166,0.1954524466946829
Prakasam,2017,Maize,18010.0,112903.0,6.268906163242643,0.1954524466946829
Prakasam,2017,Rice,47353.0,181578.0,3.834561696196651,0.1954524466946829
Prakasam,2017,Sugarcane,233.0,16567.0,71.1030042918455,0.1954524466946829
Prakasam,2017,Tobacco,42433.0,86923.0,2.0484764216529587,0.1954524466946829
Prakasam,2018,Cotton,38722.0,77747.0,2.007825009038789,0.2276592516591633
Prakasam,2018,Groundnut,1960.0,7617.0,3.8862244897959184,0.2276592516591633
Prakasam,2018,Maize,5557.0,22570.0,4.061543998560374,0.2276592516591633
Prakasam,2018,Rice,65268.0,228602.0,3.502512716798431,0.2276592516591633
Prakasam,2018,Sugarcane,75.0,6150.0,82.0,0.2276592516591633
Prakasam,2018,Tobacco,47554.0,68568.0,1.441897632165538,0.2276592516591633
Prakasam,2019,Cotton,46490.0,25515.0,0.5488277048827704,0.1991259285203469
Prakasam,2019,Groundnut,3027.0,9416.0,3.1106706309877765,0.1991259285203469
Prakasam,2019,Maize,9871.0,72999.0,7.395299361766791,0.1991259285203469
Prakasam,2019,Rice,80375.0,303151.0,3.771707620528771,0.1991259285203469
Prakasam,2019,Sugarcane,223.0,16861.0,75.60986547085201,0.1991259285203469
Prakasam,2019,Tobacco,48529.0,96943.0,1.9976302829236128,0.1991259285203469
Prakasam,2020,Cotton,32983.0,45659.0,1.3843191947366826,0.2950097685861946
Prakasam,2020,Groundnut,3560.0,10639.0,2.988483146067416,0.2950097685861946
Prakasam,2020,Maize,15099.0,74999.0,4.967150142393536,0.2950097685861946
Prakasam,2020,Rice,88359.0,301875.0,3.4164601229076834,0.2950097685861946
Prakasam,2020,Sugarcane,167.0,12485.0,74.76047904191617,0.2950097685861946
Prakasam,2020,Tobacco,33155.0,77383.0,2.333976775750264,0.2950097685861946
Prakasam,2021,Cotton,41349.0,79500.0,1.9226583472393528,0.3130515619175557
Prakasam,2021,Groundnut,3329.0,8194.0,2.4613998197656954,0.3130515619175557
Prakasam,2021,Maize,22663.0,120659.0,5.324052420244452,0.3130515619175557
Prakasam,2021,Rice,89512.0,286626.0,3.2020958083832336,0.3130515619175557
Prakasam,2021,Sugarcane,179.0,13733.0,76.72067039106145,0.3130515619175557
Prakasam,2021,Tobacco,31362.0,69192.0,2.206236847139851,0.3130515619175557
Prakasam,2022,Cotton,49071.0,86023.0,1.753031321962055,0.2400225958349155
Prakasam,2022,Groundnut,738.0,1475.0,1.9986449864498643,0.2400225958349155
Prakasam,2022,Maize,10068.0,46263.0,4.595053635280095,0.2400225958349155
Prakasam,2022,Rice,26523.0,91994.0,3.4684613354447085,0.2400225958349155
Prakasam,2022,Sugarcane,81.0,5319.0,65.66666666666667,0.2400225958349155
Prakasam,2022,Tobacco,24886.0,40663.0,1.6339709073374589,0.2400225958349155
Prakasam,2023,Cotton,18372.66,16564.65,0.901592366048248,0.2526925015148961
Prakasam,2023,Groundnut,790.01,2081.09,2.634257794205137,0.2526925015148961
Prakasam,2023,Maize,8107.11,29563.19,3.646575660130429,0.2526925015148961
Prakasam,2023,Rice,14086.04,46699.49,3.315302952426657,0.2526925015148961
Prakasam,2023,Sugarcane,15.0,1260.14,84.00933333333334,0.2526925015148961
Prakasam,2023,Tobacco,43359.64,82062.78,1.8926075031988272,0.2526925015148961
Prakasam,2024,Cotton,12384.83,15060.06,1.2160086169935316,0.1955521692013663
Prakasam,2024,Groundnut,742.7,2563.6,3.451730173690588,0.1955521692013663
Prakasam,2024,Maize,10240.45,43146.73,4.213362694022235,0.1955521692013663
Prakasam,2024,Rice,23081.27,76916.02,3.3323998202871854,0.1955521692013663
Prakasam,2024,Sugarcane,12.05,1126.3,93.46887966804978,0.1955521692013663
Prakasam,2024,Tobacco,51130.28,86025.12,1.6824691748216516,0.1955521692013663
Srikakulam,2015,Cotton,8883.0,28105.0,3.163908589440504,
Srikakulam,2015,Groundnut,8285.0,11144.0,1.3450814725407363,
Srikakulam,2015,Maize,16691.0,76362.0,4.575040440956204,
Srikakulam,2015,Rice,206794.0,477885.0,2.3109229474742983,
Srikakulam,2015,Sugarcane,6117.0,473532.0,77.41245708680727,
Srikakulam,2016,Cotton,7155.0,24143.0,3.374283717679944,0.2368603424562372
Srikakulam,2016,Groundnut,6760.0,12566.0,1.8588757396449704,0.2368603424562372
Srikakulam,2016,Maize,16562.0,70264.0,4.242482791933341,0.2368603424562372
Srikakulam,2016,Rice,205755.0,611698.0,2.9729435493669656,0.2368603424562372
Srikakulam,2016,Sugarcane,5645.0,444538.0,78.74898139946856,0.2368603424562372
Srikakulam,2017,Cotton,7478.0,27390.0,3.662744049211019,0.2842467552713377
Srikakulam,2017,Groundnut,7179.0,13022.0,1.813901657612481,0.2842467552713377
Srikakulam,2017,Maize,33095.0,152552.0,4.60951805408672,0.2842467552713377
Srikakulam,2017,Rice,214727.0,543422.0,2.5307576597260706,0.2842467552713377
Srikakulam,2017,Sugarcane,5336.0,448802.0,84.10832083958022,0.2842467552713377
Srikakulam,2018,Cotton,5488.0,16246.0,2.9602769679300294,0.3252394385784894
Srikakulam,2018,Groundnut,6389.0,8959.0,1.4022538738456722,0.3252394385784894
Srikakulam,2018,Maize,29235.0,135647.0,4.63988370104327,0.3252394385784894
Srikakulam,2018,Rice,214662.0,446103.0,2.078164742711798,0.3252394385784894
Srikakulam,2018,Sugarcane,6007.0,453349.0,75.47011819543866,0.3252394385784894
Srikakulam,2019,Cotton,5712.0,3016.0,0.5280112044817927,0.3444551884353124
Srikakulam,2019,Groundnut,4896.0,7359.0,1.5030637254901962,0.3444551884353124
Srikakulam,2019,Maize,40899.0,261402.0,6.391403212792489,0.3444551884353124
Srikakulam,2019,Rice,219160.0,624960.0,2.8516152582588066,0.3444551884353124
Srikakulam,2019,Sugarcane,5650.0,429400.0,76.0,0.3444551884353124
Srikakulam,2020,Cotton,3723.0,13491.0,3.6236905721192585,0.4011286897869148
Srikakulam,2020,Groundnut,5334.0,9267.0,1.7373453318335208,0.4011286897869148
Srikakulam,2020,Maize,34496.0,150651.0,4.367201994434137,0.4011286897869148
Srikakulam,2020,Rice,209595.0,548914.0,2.6189269782199003,0.4011286897869148
Srikakulam,2020,Sugarcane,3943.0,284147.0,72.06365711387268,0.4011286897869148
Srikakulam,2021,Cotton,3457.0,9619.0,2.782470350014463,0.3438150098018501
Srikakulam,2021,Groundnut,5554.0,11626.0,2.0932661145120632,0.3438150098018501
Srikakulam,2021,Maize,35975.0,177975.0,4.947185545517721,0.3438150098018501
Srikakulam,2021,Rice,205195.0,538618.0,2.6249080143278345,0.3438150098018501
Srikakulam,2021,Sugarcane,3586.0,251020.0,70.0,0.3438150098018501
Srikakulam,2022,Cotton,1381.0,3454.0,2.501086169442433,0.3041158280723787
Srikakulam,2022,Groundnut,4017.0,10471.0,2.606671645506597,0.3041158280723787
Srikakulam,2022,Maize,28583.0,191873.0,6.712836301297974,0.3041158280723787
Srikakulam,2022,Rice,159837.0,501208.0,3.13574453974987,0.3041158280723787
Srikakulam,2022,Sugarcane,945.0,85260.0,90.22222222222224,0.3041158280723787
Srikakulam,2023,Cotton,1059.07,3794.11,3.582492186541022,0.3034087640238872
Srikakulam,2023,Groundnut,3645.15,9257.85,2.539772025842558,0.3034087640238872
Srikakulam,2023,Maize,23976.37,182896.17,7.628184333158023,0.3034087640238872
Srikakulam,2023,Rice,148767.04,415006.84,2.789642383151537,0.3034087640238872
Srikakulam,2023,Sugarcane,688.08,52269.53,75.96432100918497,0.3034087640238872
Srikakulam,2024,Cotton,1034.15,3717.95,3.595174781221292,0.2728245221423143
Srikakulam,2024,Groundnut,3478.63,8786.19,2.5257615785524763,0.2728245221423143
Srikakulam,2024,Maize,23984.34,165810.89,6.913298010285045,0.2728245221423143
Srikakulam,2024,Rice,152081.8,493510.35,3.245032278681604,0.2728245221423143
Srikakulam,2024,Sugarcane,711.72,61294.98,86.12232338560108,0.2728245221423143
Visakhapatnam,2015,Cotton,2123.0,3609.0,1.6999528968440885,0.446407809
Visakhapatnam,2015,Groundnut,2142.0,2902.0,1.3548085901027078,0.446407809
Visakhapatnam,2015,Maize,6589.0,20711.0,3.143269084838367,0.446407809
Visakhapatnam,2015,Rice,107605.0,230259.0,2.1398540959992567,0.446407809
Visakhapatnam,2015,Sugarcane,35885.0,2011535.0,56.05503692350565,0.446407809
Visakhapatnam,2015,Tobacco,463.0,1617.0,3.49244060475162,0.446407809
Visakhapatnam,2016,Cotton,1652.0,1950.0,1.1803874092009683,0.4245442555648032
Visakhapatnam,2016,Groundnut,2362.0,3354.0,1.419983065198984,0.4245442555648032
Visakhapatnam,2016,Maize,6643.0,17517.0,2.636911034171308,0.4245442555648032
Visakhapatnam,2016,Rice,109915.0,246564.0,2.2432243096938542,0.4245442555648032
Visakhapatnam,2016,Sugarcane,32364.0,1908343.0,58.9649919663824,0.4245442555648032
Visakhapatnam,2016,Tobacco,605.0,1927.0,3.185123966942149,0.4245442555648032
Visakhapatnam,2017,Cotton,1474.0,2000.0,1.35685210312076,0.3668222552363179
Visakhapatnam,2017,Groundnut,2253.0,3264.0,1.4487350199733688,0.3668222552363179
Visakhapatnam,2017,Maize,7008.0,18294.0,2.610445205479452,0.3668222552363179
Visakhapatnam,2017,Rice,108960.0,228877.0,2.100559838472834,0.3668222552363179
Visakhapatnam,2017,Sugarcane,32153.0,1847660.0,57.464622274748855,0.3668222552363179
Visakhapatnam,2017,Tobacco,586.0,1138.0,1.9419795221843004,0.3668222552363179
Visakhapatnam,2018,Cotton,1092.0,1632.0,1.4945054945054943,0.3731938386127399
Visakhapatnam,2018,Groundnut,2137.0,3305.0,1.5465605989705191,0.3731938386127399
Visakhapatnam,2018,Maize,6388.0,20289.0,3.176111458985598,0.3731938386127399
Visakhapatnam,2018,Rice,102884.0,176139.0,1.712015473737413,0.3731938386127399
Visakhapatnam,2018,Sugarcane,31417.0,1971707.0,62.75923862876787,0.3731938386127399
Visakhapatnam,2018,Tobacco,363.0,1135.0,3.1267217630854,0.3731938386127399
Visakhapatnam,2019,Cotton,976.0,396.0,0.4057377049180328,0.4647940605900282
Visakhapatnam,2019,Groundnut,2063.0,3124.0,1.514299563742123,0.4647940605900282
Visakhapatnam,2019,Maize,5555.0,21252.0,3.8257425742574256,0.4647940605900282
Visakhapatnam,2019,Rice,103557.0,249515.0,2.4094460055814677,0.4647940605900282
Visakhapatnam,2019,Sugarcane,30434.0,1920521.0,63.104455543142535,0.4647940605900282
Visakhapatnam,2019,Tobacco,471.0,1549.0,3.2887473460721868,0.4647940605900282
Visakhapatnam,2020,Cotton,810.0,660.0,0.8148148148148148,0.5186978665842548
Visakhapatnam,2020,Groundnut,2032.0,3819.0,1.879429133858268,0.5186978665842548
Visakhapatnam,2020,Maize,5547.0,21064.0,3.7973679466378223,0.5186978665842548
Visakhapatnam,2020,Rice,108270.0,269225.0,2.486607555186109,0.5186978665842548
Visakhapatnam,2020,Sugarcane,23633.0,1514719.0,64.09338636652139,0.5186978665842548
Visakhapatnam,2020,Tobacco,234.0,742.0,3.1709401709401708,0.5186978665842548
Visakhapatnam,2021,Cotton,274.0,315.0,1.1496350364963503,0.4449188811659528
Visakhapatnam,2021,Groundnut,2302.0,3943.0,1.712858384013901,0.4449188811659528
Visakhapatnam,2021,Maize,4500.0,16285.0,3.618888888888889,0.4449188811659528
Visakhapatnam,2021,Rice,102370.0,254772.0,2.488736934648823,0.4449188811659528
Visakhapatnam,2021,Sugarcane,19590.0,1193903.0,60.9445125063808,0.4449188811659528
Visakhapatnam,2021,Tobacco,102.0,357.0,3.5,0.4449188811659528
Visakhapatnam,2022,Cotton,2764.0,7844.0,2.837916063675832,0.340737898317465
Visakhapatnam,2022,Groundnut,3419.0,6443.0,1.884469143024276,0.340737898317465
Visakhapatnam,2022,Maize,6519.0,24364.0,3.737383034207701,0.340737898317465
Visakhapatnam,2022,Rice,123591.0,380103.0,3.07549093380586,0.340737898317465
Visakhapatnam,2022,Sugarcane,16000.0,942077.0,58.8798125,0.340737898317465
Visakhapatnam,2022,Tobacco,233.0,549.0,2.356223175965665,0.340737898317465
Visakhapatnam,2023,Cotton,2018.77,7300.209999999999,3.6161672701694583,0.351806849322608
Visakhapatnam,2023,Groundnut,2094.9700000000003,4281.98,2.0439338033480188,0.351806849322608
Visakhapatnam,2023,Maize,2955.03,15366.1,5.199981049261767,0.351806849322608
Visakhapatnam,2023,Rice,104346.02,230512.32,2.209114636092493,0.351806849322608
Visakhapatnam,2023,Sugarcane,8514.92,551165.1300000001,64.72933744533127,0.351806849322608
Visakhapatnam,2023,Tobacco,1380.88,4936.89,3.575176698916633,0.351806849322608
Visakhapatnam,2024,Cotton,2112.36,7530.08,3.5647711564316684,0.3183995522849778
Visakhapatnam,2024,Groundnut,2127.01,4250.31,1.9982557674858132,0.3183995522849778
Visakhapatnam,2024,Maize,2814.47,11016.86,3.9143639832721617,0.3183995522849778
Visakhapatnam,2024,Rice,119606.92,379555.97,3.17336129046714,0.3183995522849778
Visakhapatnam,2024,Sugarcane,5962.77,425832.09,71.41514598081095,0.3183995522849778
Visakhapatnam,2024,Tobacco,193.73,518.83,2.6781087079956643,0.3183995522849778
Vizianagaram,2015,Cotton,15597.0,33141.0,2.12483169840354,0.350213053
Vizianagaram,2015,Groundnut,6140.0,9050.0,1.473941368078176,0.350213053
Vizianagaram,2015,Maize,33412.0,182028.0,5.447982760684784,0.350213053
Vizianagaram,2015,Rice,126691.0,373257.0,2.946199808984064,0.350213053
Vizianagaram,2015,Sugarcane,13692.0,884700.0,64.61437335670465,0.350213053
Vizianagaram,2015,Tobacco,268.0,713.0,2.66044776119403,0.350213053
Vizianagaram,2016,Cotton,14634.0,31152.0,2.128741287412874,0.312080483271299
Vizianagaram,2016,Groundnut,4595.0,6352.0,1.3823721436343852,0.312080483271299
Vizianagaram,2016,Maize,35987.0,202443.0,5.625448078472782,0.312080483271299
Vizianagaram,2016,Rice,125299.0,380552.0,3.037151134486309,0.312080483271299
Vizianagaram,2016,Sugarcane,13272.0,886663.0,66.8070373719108,0.312080483271299
Vizianagaram,2016,Tobacco,102.0,90.0,0.8823529411764706,0.312080483271299
Vizianagaram,2017,Cotton,13630.0,33550.0,2.4614820249449743,0.2786702699103596
Vizianagaram,2017,Groundnut,3097.0,4550.0,1.469163706813045,0.2786702699103596
Vizianagaram,2017,Maize,37633.0,253888.0,6.746419365981984,0.2786702699103596
Vizianagaram,2017,Rice,128842.0,384688.0,2.9857344654693345,0.2786702699103596
Vizianagaram,2017,Sugarcane,12481.0,806251.0,64.59826936944155,0.2786702699103596
Vizianagaram,2017,Tobacco,70.0,97.0,1.3857142857142857,0.2786702699103596
Vizianagaram,2018,Cotton,11485.0,26016.0,2.2652154984762736,0.3315320115260768
Vizianagaram,2018,Groundnut,2872.0,4272.0,1.4874651810584958,0.3315320115260768
Vizianagaram,2018,Maize,34196.0,194873.0,5.6987074511638784,0.3315320115260768
Vizianagaram,2018,Rice,124618.0,294071.0,2.359779486109551,0.3315320115260768
Vizianagaram,2018,Sugarcane,11695.0,760415.0,65.02052159042326,0.3315320115260768
Vizianagaram,2018,Tobacco,75.0,105.0,1.4,0.3315320115260768
Vizianagaram,2019,Cotton,12257.0,5430.0,0.4430121563188382,0.3495290936797509
Vizianagaram,2019,Groundnut,1504.0,2472.0,1.6436170212765957,0.3495290936797509
Vizianagaram,2019,Maize,37932.0,245470.0,6.471317093746705,0.3495290936797509
Vizianagaram,2019,Rice,126647.0,407698.0,3.2191682392792567,0.3495290936797509
Vizianagaram,2019,Sugarcane,8968.0,567859.0,63.32058429973238,0.3495290936797509
Vizianagaram,2019,Tobacco,51.0,81.0,1.588235294117647,0.3495290936797509
Vizianagaram,2020,Cotton,10070.0,21451.0,2.130188679245283,0.4359730855863454
Vizianagaram,2020,Groundnut,1207.0,2440.0,2.0215410107705054,0.4359730855863454
Vizianagaram,2020,Maize,41304.0,224886.0,5.444654270772807,0.4359730855863454
Vizianagaram,2020,Rice,116599.0,335744.0,2.8794758102556623,0.4359730855863454
Vizianagaram,2020,Sugarcane,5953.0,388774.0,65.30724004703511,0.4359730855863454
Vizianagaram,2020,Tobacco,33.0,55.0,1.6666666666666667,0.4359730855863454
Vizianagaram,2021,Cotton,9228.0,19279.0,2.0891850888599914,0.372601385869686
Vizianagaram,2021,Groundnut,1098.0,1917.0,1.7459016393442623,0.372601385869686
Vizianagaram,2021,Maize,41085.0,220074.0,5.356553486673969,0.372601385869686
Vizianagaram,2021,Rice,131877.0,386725.0,2.9324673749023717,0.372601385869686
Vizianagaram,2021,Sugarcane,4877.0,379685.0,77.85216321509124,0.372601385869686
Vizianagaram,2021,Tobacco,98.0,123.0,1.2551020408163265,0.372601385869686
Vizianagaram,2022,Cotton,10884.0,33121.0,3.043090775450202,0.3175629298557848
Vizianagaram,2022,Groundnut,799.0,1789.0,2.239048811013767,0.3175629298557848
Vizianagaram,2022,Maize,49339.0,316832.0,6.421532661788849,0.3175629298557848
Vizianagaram,2022,Rice,167318.0,583702.0,3.4885786346956094,0.3175629298557848
Vizianagaram,2022,Sugarcane,5572.0,360174.0,64.6399856424982,0.3175629298557848
Vizianagaram,2022,Tobacco,71.0,184.0,2.591549295774648,0.3175629298557848
Vizianagaram,2023,Cotton,7249.89,15341.64,2.1161203825161485,0.317779588676578
Vizianagaram,2023,Groundnut,635.02,1834.54,2.888948379578596,0.317779588676578
Vizianagaram,2023,Maize,38865.57,277331.09,7.135649625105203,0.317779588676578
Vizianagaram,2023,Rice,163401.01,532430.66,3.258429430760557,0.317779588676578
Vizianagaram,2023,Sugarcane,4160.46,288338.53,69.30448315811232,0.317779588676578
Vizianagaram,2024,Cotton,8116.059999999999,18966.12,2.3368629605991083,0.2867977718883909
Vizianagaram,2024,Groundnut,695.8299999999999,2142.88,3.079602776540247,0.2867977718883909
Vizianagaram,2024,Maize,37646.68,266265.71,7.072754091463044,0.2867977718883909
Vizianagaram,2024,Rice,172185.13,611079.8,3.5489696467981875,0.2867977718883909
Vizianagaram,2024,Sugarcane,3981.2,358891.55000000005,90.14657640912289,0.2867977718883909
Vizianagaram,2024,Tobacco,121.45,353.2,2.9081926718814324,0.2867977718883909
West Godavari,2015,Cotton,8392.0,27715.0,3.3025500476644423,0.276513319
West Godavari,2015,Groundnut,3665.0,11810.0,3.22237380627558,0.276513319
West Godavari,2015,Maize,56372.0,396662.0,7.03650748598595,0.276513319
West Godavari,2015,Rice,403802.0,1558506.0,3.859579694999034,0.276513319
West Godavari,2015,Sugarcane,14804.0,1370472.0,92.57443934071873,0.276513319
West Godavari,2015,Tobacco,21861.0,64768.0,2.96271899730113,0.276513319
West Godavari,2016,Cotton,4615.0,14782.0,3.203033586132177,0.3267570371080756
West Godavari,2016,Groundnut,4084.0,13800.0,3.3790401567091086,0.3267570371080756
West Godavari,2016,Maize,58297.0,502789.0,8.624611901126988,0.3267570371080756
West Godavari,2016,Rice,399411.0,1666097.0,4.171384864212553,0.3267570371080756
West Godavari,2016,Sugarcane,9098.0,805391.0,88.52396131017807,0.3267570371080756
West Godavari,2016,Tobacco,20409.0,57560.0,2.820324366700965,0.3267570371080756
West Godavari,2017,Cotton,4525.0,13985.0,3.0906077348066296,0.3602900936585085
West Godavari,2017,Groundnut,2653.0,9148.0,3.448171880889559,0.3602900936585085
West Godavari,2017,Maize,59427.0,427365.0,7.191428138724822,0.3602900936585085
West Godavari,2017,Rice,393223.0,1693907.0,4.307751581163869,0.3602900936585085
West Godavari,2017,Sugarcane,7951.0,849499.0,106.84178090806188,0.3602900936585085
West Godavari,2017,Tobacco,23073.0,53598.0,2.322974905733975,0.3602900936585085
West Godavari,2018,Cotton,5235.0,16989.0,3.245272206303725,0.3521957496261449
West Godavari,2018,Groundnut,2054.0,5892.0,2.8685491723466408,0.3521957496261449
West Godavari,2018,Maize,48549.0,347450.0,7.156687058435807,0.3521957496261449
West Godavari,2018,Rice,396877.0,1744704.0,4.396082413442956,0.3521957496261449
West Godavari,2018,Sugarcane,9946.0,985278.0,99.0627387894631,0.3521957496261449
West Godavari,2018,Tobacco,19969.0,28354.0,1.4199008463117833,0.3521957496261449
West Godavari,2019,Cotton,4856.0,2285.0,0.4705518945634266,0.404625997075113
West Godavari,2019,Groundnut,2166.0,5232.0,2.415512465373961,0.404625997075113
West Godavari,2019,Maize,48286.0,439808.0,9.108395808308826,0.404625997075113
West Godavari,2019,Rice,394173.0,1766642.0,4.481895005492512,0.404625997075113
West Godavari,2019,Sugarcane,7722.0,758494.0,98.22507122507122,0.404625997075113
West Godavari,2019,Tobacco,17544.0,44128.0,2.515275877792978,0.404625997075113
West Godavari,2020,Cotton,4770.0,7792.0,1.6335429769392034,0.4283325007843002
West Godavari,2020,Groundnut,1986.0,6416.0,3.230614300100705,0.4283325007843002
West Godavari,2020,Maize,38109.0,335327.0,8.799155055236296,0.4283325007843002
West Godavari,2020,Rice,414027.0,1613457.0,3.896984979240485,0.4283325007843002
West Godavari,2020,Sugarcane,3109.0,307076.0,98.77002251527824,0.4283325007843002
West Godavari,2020,Tobacco,13818.0,33802.0,2.446229555652048,0.4283325007843002
West Godavari,2021,Cotton,2929.0,8184.0,2.794127688630932,0.4501180290504455
West Godavari,2021,Groundnut,2495.0,8189.0,3.2821643286573146,0.4501180290504455
West Godavari,2021,Maize,34025.0,258160.0,7.587362233651727,0.4501180290504455
West Godavari,2021,Rice,421951.0,1735499.0,4.113034451867634,0.4501180290504455
West Godavari,2021,Sugarcane,1981.0,194999.0,98.434628975265,0.4501180290504455
West Godavari,2021,Tobacco,12878.0,32680.0,2.53766112750427,0.4501180290504455
West Godavari,2022,Cotton,3787.0,11404.0,3.011354634275152,0.3065819540603434
West Godavari,2022,Groundnut,1790.0,6561.0,3.66536312849162,0.3065819540603434
West Godavari,2022,Maize,29890.0,353553.0,11.82847106055537,0.3065819540603434
West Godavari,2022,Rice,297228.0,1344303.0,4.522800678267189,0.3065819540603434
West Godavari,2022,Sugarcane,1532.0,144750.0,94.48433420365537,0.3065819540603434
West Godavari,2022,Tobacco,8639.0,19385.0,2.2438939692093998,0.3065819540603434
West Godavari,2023,Cotton,3234.44,5890.23,1.821097315145744,0.324618257017324
West Godavari,2023,Groundnut,3281.03,13831.06,4.215462827221939,0.324618257017324
West Godavari,2023,Maize,23537.46,229035.41,9.730676547087068,0.324618257017324
West Godavari,2023,Rice,286452.85,1308507.64,4.567968655225459,0.324618257017324
West Godavari,2023,Sugarcane,1443.16,135194.95,93.6798068128274,0.324618257017324
West Godavari,2024,Cotton,3060.42,7407.03,2.420265845864293,0.3100458608303428
West Godavari,2024,Groundnut,2646.41,11959.39,4.51909945926746,0.3100458608303428
West Godavari,2024,Maize,20575.26,209446.13,10.179513162895631,0.3100458608303428
West Godavari,2024,Rice,281788.54000000004,1300629.64,4.6156229064531855,0.3100458608303428
West Godavari,2024,Sugarcane,620.37,60822.22,98.04184599513194,0.3100458608303428
West Godavari,2024,Tobacco,10108.82,24587.0,2.432232446517002,0.3100458608303428
