District,Year,Crop,Season,Area,Production,Yield,NDVI
Anantapur,2022,Cotton,Kharif,5978.0,3397.0,0.5682502509200401,0.2894264943453761
Anantapur,2022,Cotton,Rabi,76.0,140.0,1.8421052631578947,0.2226029032916174
Anantapur,2022,Groundnut,Kharif,183385.0,50431.0,0.2750006816260872,0.2894264943453761
Anantapur,2022,Groundnut,Rabi,20883.0,46193.0,2.2119906143753294,0.2226029032916174
Anantapur,2022,Maize,Kharif,21373.0,52706.0,2.466008515416647,0.2894264943453761
Anantapur,2022,Maize,Rabi,6759.0,30388.0,4.495931350791537,0.2226029032916174
Anantapur,2022,Rice,Kharif,4317.0,11187.0,2.591382904794997,0.2894264943453761
Anantapur,2022,Rice,Rabi,2210.0,6993.0,3.1642533936651582,0.2226029032916174
Anantapur,2022,Sugarcane,Kharif,21.0,1946.0,92.66666666666669,0.2894264943453761
Anantapur,2022,Tobacco,Rabi,13.0,24.0,1.8461538461538465,0.2226029032916174
Anantapur,2023,Cotton,Kharif,3194.29,2231.48,0.6985840358890395,0.2369226936742615
Anantapur,2023,Groundnut,Kharif,55659.85,32896.77,0.5910323150349848,0.2369226936742615
Anantapur,2023,Groundnut,Rabi,14535.63,24489.09,1.6847628895342,0.1809865837252369
Anantapur,2023,Maize,Kharif,21199.15,46006.43,2.1702016354429303,0.2369226936742615
Anantapur,2023,Maize,Rabi,3517.07,16325.73,4.641855294321694,0.1809865837252369
Anantapur,2023,Rice,Kharif,7793.0,21916.83,2.812373925317593,0.2369226936742615
Anantapur,2023,Rice,Rabi,1945.01,5323.54,2.737024488305973,0.1809865837252369
Anantapur,2023,Sugarcane,Kharif,15.0,1428.15,95.21,0.2369226936742615
Anantapur,2023,Tobacco,Kharif,169.95,379.76,2.2345395704619007,0.2369226936742615
Anantapur,2024,Cotton,Kharif,3610.03,4029.31,1.1161430791433866,0.2807874096181785
Anantapur,2024,Groundnut,Kharif,64026.67,44895.58,0.7012012337983531,0.2807874096181785
Anantapur,2024,Groundnut,Rabi,10476.94,17557.79,1.675850964117385,0.2143798775982684
Anantapur,2024,Maize,Kharif,23231.93,89261.7,3.84219907687394,0.2807874096181785
Anantapur,2024,Maize,Rabi,3520.72,18994.16,5.394964666318254,0.2143798775982684
Anantapur,2024,Rice,Kharif,9265.38,31795.83,3.431681161485012,0.2807874096181785
Anantapur,2024,Rice,Rabi,2789.45,10034.17,3.5971858251626667,0.2143798775982684
Anantapur,2024,Sugarcane,Kharif,5.02,510.95,101.78286852589642,0.2807874096181785
Anantapur,2024,Tobacco,Kharif,103.39,248.88,2.407196053776961,0.2807874096181785
Chittoor,2015,Cotton,Kharif,435.0,761.0,1.749425287356322,0.3737341170279538
Chittoor,2015,Cotton,Rabi,707.0,1239.0,1.7524752475247525,0.2738678180325234
Chittoor,2015,Groundnut,Kharif,114394.0,130867.0,1.1440023078133468,0.3737341170279538
Chittoor,2015,Groundnut,Rabi,12180.0,33227.0,2.7279967159277505,0.2738678180325234
Chittoor,2015,Maize,Kharif,2271.0,8019.0,3.5310435931307795,0.3737341170279538
Chittoor,2015,Maize,Rabi,890.0,3369.0,3.7853932584269674,0.2738678180325234
Chittoor,2015,Rice,Kharif,9476.0,32587.0,3.438898269311946,0.3737341170279538
Chittoor,2015,Rice,Rabi,78677.0,301962.0,3.83799585647648,0.2738678180325234
Chittoor,2015,Sugarcane,Kharif,20831.0,1682300.0,80.75944505784648,0.3737341170279538
Chittoor,2015,Tobacco,Rabi,4.0,7.0,1.75,0.2738678180325234
Chittoor,2016,Cotton,Kharif,517.0,1311.0,2.5357833655705995,0.2834427126683096
Chittoor,2016,Cotton,Rabi,259.0,395.0,1.5250965250965252,0.2682219597897906
Chittoor,2016,Groundnut,Kharif,133124.0,71887.0,0.5400003004717406,0.2834427126683096
Chittoor,2016,Groundnut,Rabi,14374.0,48081.0,3.3449979128982887,0.2682219597897906
Chittoor,2016,Maize,Kharif,1144.0,3808.0,3.3286713286713288,0.2834427126683096
Chittoor,2016,Maize,Rabi,887.0,4711.0,5.311161217587373,0.2682219597897906
Chittoor,2016,Rice,Kharif,22905.0,78527.0,3.4283780833879067,0.2834427126683096
Chittoor,2016,Rice,Rabi,23795.0,91674.0,3.852658121454087,0.2682219597897906
Chittoor,2016,Sugarcane,Kharif,18214.0,1599699.0,87.82798945865818,0.2834427126683096
Chittoor,2017,Cotton,Kharif,328.0,877.0,2.673780487804878,0.3608300395899866
Chittoor,2017,Cotton,Rabi,169.0,451.0,2.668639053254438,0.2607172165897747
Chittoor,2017,Groundnut,Kharif,115048.0,214449.0,1.8639958973645785,0.3608300395899866
Chittoor,2017,Groundnut,Rabi,14484.0,48927.0,3.378003314001657,0.2607172165897747
Chittoor,2017,Maize,Kharif,1551.0,8084.0,5.212121212121212,0.3608300395899866
Chittoor,2017,Maize,Rabi,953.0,5780.0,6.065057712486883,0.2607172165897747
Chittoor,2017,Rice,Kharif,15061.0,53768.0,3.57001527123033,0.3608300395899866
Chittoor,2017,Rice,Rabi,49751.0,192387.0,3.8669976482884767,0.2607172165897747
Chittoor,2017,Sugarcane,Kharif,18177.0,1737420.0,95.58342960884634,0.3608300395899866
Chittoor,2018,Cotton,Kharif,177.0,218.0,1.231638418079096,0.3736414979731044
Chittoor,2018,Cotton,Rabi,94.0,117.0,1.24468085106383,0.2991948389643119
Chittoor,2018,Groundnut,Kharif,99275.0,89645.0,0.9029967262654244,0.3736414979731044
Chittoor,2018,Groundnut,Rabi,10478.0,32618.0,3.1129986638671503,0.2991948389643119
Chittoor,2018,Maize,Kharif,1307.0,1149.0,0.8791124713083397,0.3736414979731044
Chittoor,2018,Maize,Rabi,729.0,2847.0,3.905349794238683,0.2991948389643119
Chittoor,2018,Rice,Kharif,17422.0,64122.0,3.680518884169441,0.3736414979731044
Chittoor,2018,Rice,Rabi,26519.0,95645.0,3.60665937629624,0.2991948389643119
Chittoor,2018,Sugarcane,Kharif,17169.0,1496011.0,87.13442833012988,0.3736414979731044
Chittoor,2019,Cotton,Kharif,157.0,82.0,0.5222929936305732,0.334374733841741
Chittoor,2019,Cotton,Rabi,79.0,244.0,3.088607594936709,0.3542721965294016
Chittoor,2019,Groundnut,Kharif,95746.0,165832.0,1.7319992480103608,0.334374733841741
Chittoor,2019,Groundnut,Rabi,12523.0,38195.0,3.0499880220394475,0.3542721965294016
Chittoor,2019,Maize,Kharif,2655.0,6977.0,2.6278719397363464,0.334374733841741
Chittoor,2019,Maize,Rabi,974.0,4382.0,4.498973305954825,0.3542721965294016
Chittoor,2019,Rice,Kharif,10664.0,42981.0,4.030476369092273,0.334374733841741
Chittoor,2019,Rice,Rabi,43855.0,157410.0,3.5893284688176945,0.3542721965294016
Chittoor,2019,Sugarcane,Kharif,14615.0,1361660.0,93.1686623332193,0.334374733841741
Chittoor,2020,Cotton,Kharif,28.0,78.0,2.7857142857142856,0.4963686093928722
Chittoor,2020,Cotton,Rabi,65.0,179.0,2.753846153846154,0.4001164237079803
Chittoor,2020,Groundnut,Kharif,122977.0,127404.0,1.0359986013644829,0.4963686093928722
Chittoor,2020,Groundnut,Rabi,10087.0,26922.0,2.668979875086745,0.4001164237079803
Chittoor,2020,Maize,Kharif,1493.0,3931.0,2.6329537843268587,0.4963686093928722
Chittoor,2020,Maize,Rabi,907.0,4006.0,4.416758544652701,0.4001164237079803
Chittoor,2020,Rice,Kharif,29724.0,108006.0,3.6336293903916026,0.4963686093928722
Chittoor,2020,Rice,Rabi,60423.0,214905.0,3.556675438160965,0.4001164237079803
Chittoor,2020,Sugarcane,Kharif,11464.0,1044989.0,91.15396022330776,0.4963686093928722
Chittoor,2021,Cotton,Kharif,51.0,89.0,1.7450980392156863,0.4969523960262758
Chittoor,2021,Cotton,Rabi,94.0,165.0,1.75531914893617,0.3345877945586746
Chittoor,2021,Groundnut,Kharif,93394.0,107870.0,1.154999250487183,0.4969523960262758
Chittoor,2021,Groundnut,Rabi,9490.0,28593.0,3.0129610115911487,0.3345877945586746
Chittoor,2021,Maize,Kharif,2259.0,7046.0,3.119079238601151,0.4969523960262758
Chittoor,2021,Maize,Rabi,1198.0,7417.0,6.191151919866444,0.3345877945586746
Chittoor,2021,Rice,Kharif,38721.0,135704.0,3.5046615531623666,0.4969523960262758
Chittoor,2021,Rice,Rabi,48121.0,170829.0,3.549988570478585,0.3345877945586746
Chittoor,2021,Sugarcane,Kharif,10547.0,1019661.0,96.67782307765242,0.4969523960262758
Chittoor,2022,Cotton,Kharif,188.0,343.0,1.824468085106383,0.3576074383983399
Chittoor,2022,Cotton,Rabi,200.0,366.0,1.83,0.2794598660078252
Chittoor,2022,Groundnut,Kharif,66985.0,100204.0,1.4959169963424648,0.3576074383983399
Chittoor,2022,Groundnut,Rabi,18882.0,57626.0,3.051901281643893,0.2794598660078252
Chittoor,2022,Maize,Kharif,2947.0,17519.0,5.944689514760774,0.3576074383983399
Chittoor,2022,Maize,Rabi,1565.0,9889.0,6.318849840255592,0.2794598660078252
Chittoor,2022,Rice,Kharif,45342.0,158366.0,3.492699925014336,0.3576074383983399
Chittoor,2022,Rice,Rabi,91049.0,342882.0,3.765906270250085,0.2794598660078252
Chittoor,2022,Sugarcane,Kharif,10056.0,937320.0,93.21002386634844,0.3576074383983399
Chittoor,2023,Cotton,Kharif,141.54,133.42,0.9426310583580612,0.3258570190945936
Chittoor,2023,Groundnut,Kharif,36072.25,35697.99,0.9896247115164704,0.3258570190945936
Chittoor,2023,Groundnut,Rabi,13355.57,33164.45,2.4831924058651182,0.2506158104342247
Chittoor,2023,Maize,Kharif,2472.01,14154.3,5.7258263518351455,0.3258570190945936
Chittoor,2023,Maize,Rabi,1075.02,6752.280000000001,6.281073840486689,0.2506158104342247
Chittoor,2023,Rice,Kharif,41988.0,154962.04,3.690626845765457,0.3258570190945936
Chittoor,2023,Rice,Rabi,87296.6,323095.53,3.701123869658154,0.2506158104342247
Chittoor,2023,Sugarcane,Kharif,8091.89,763722.7,94.38125085733986,0.3258570190945936
Chittoor,2024,Cotton,Kharif,70.08,136.93,1.9539098173515983,0.3303541118810246
Chittoor,2024,Groundnut,Kharif,35242.53,39736.54,1.1275166680712196,0.3303541118810246
Chittoor,2024,Groundnut,Rabi,8268.529999999999,21140.24,2.556710805911087,0.2910940103587038
Chittoor,2024,Maize,Kharif,2905.73,18798.3,6.469389791893947,0.3303541118810246
Chittoor,2024,Maize,Rabi,459.97,3397.24,7.385786029523664,0.2910940103587038
Chittoor,2024,Rice,Kharif,40288.3,148784.19,3.692987542288952,0.3303541118810246
Chittoor,2024,Rice,Rabi,90030.2,325963.83,3.62060541907049,0.2910940103587038
Chittoor,2024,Sugarcane,Kharif,7144.28,703137.61,98.41966020368744,0.3303541118810246
East Godavari,2015,Groundnut,Rabi,300.0,876.0,2.92,0.273950110149147
East Godavari,2015,Maize,Rabi,10405.0,101053.0,9.7119654012494,0.273950110149147
East Godavari,2015,Rice,Rabi,153904.0,749102.0,4.867332882836053,0.273950110149147
East Godavari,2015,Tobacco,Rabi,2119.0,9375.0,4.424256724870221,0.273950110149147
East Godavari,2016,Groundnut,Rabi,266.0,821.0,3.0864661654135337,0.3822153930294626
East Godavari,2016,Maize,Rabi,9577.0,84038.0,8.774981727054401,0.3822153930294626
East Godavari,2016,Rice,Rabi,163470.0,889386.0,5.440668012479354,0.3822153930294626
East Godavari,2016,Tobacco,Rabi,1984.0,6798.0,3.4264112903225805,0.3822153930294626
East Godavari,2017,Groundnut,Rabi,157.0,494.0,3.1464968152866244,0.3691571967842838
East Godavari,2017,Maize,Rabi,11068.0,108400.0,9.794000722804482,0.3691571967842838
East Godavari,2017,Rice,Rabi,160856.0,900954.0,5.60099716516636,0.3691571967842838
East Godavari,2017,Tobacco,Rabi,1897.0,6524.0,3.4391143911439115,0.3691571967842838
East Godavari,2018,Cotton,Kharif,11933.0,31637.0,2.651219307801894,0.4550796622466083
East Godavari,2018,Groundnut,Rabi,181.0,530.0,2.9281767955801103,0.4333930219289229
East Godavari,2018,Maize,Kharif,769.0,3287.0,4.274382314694408,0.4550796622466083
East Godavari,2018,Maize,Rabi,8451.0,68690.0,8.128032185540173,0.4333930219289229
East Godavari,2018,Rice,Kharif,222214.0,830017.0,3.735214702944009,0.4550796622466083
East Godavari,2018,Rice,Rabi,163384.0,893711.0,5.470003182686187,0.4333930219289229
East Godavari,2018,Sugarcane,Kharif,9854.0,889636.0,90.2817130099452,0.4550796622466083
East Godavari,2018,Tobacco,Kharif,728.0,1771.0,2.4326923076923075,0.4550796622466083
East Godavari,2018,Tobacco,Rabi,2149.0,6251.0,2.908794788273616,0.4333930219289229
East Godavari,2019,Cotton,Kharif,12896.0,6617.0,0.5131048387096774,0.4965041923687528
East Godavari,2019,Groundnut,Kharif,9.0,27.0,3.0,0.4965041923687528
East Godavari,2019,Groundnut,Rabi,142.0,419.0,2.9507042253521125,0.4913581338174275
East Godavari,2019,Maize,Kharif,728.0,3593.0,4.93543956043956,0.4965041923687528
East Godavari,2019,Maize,Rabi,9407.0,89310.0,9.493993834378657,0.4913581338174275
East Godavari,2019,Rice,Kharif,221042.0,744209.0,3.3668216899955663,0.4965041923687528
East Godavari,2019,Rice,Rabi,166544.0,888271.0,5.33355149389951,0.4913581338174275
East Godavari,2019,Sugarcane,Kharif,8134.0,725240.0,89.16154413572659,0.4965041923687528
East Godavari,2019,Tobacco,Kharif,631.0,1737.0,2.7527733755942947,0.4965041923687528
East Godavari,2019,Tobacco,Rabi,2021.0,6623.0,3.277090549233053,0.4913581338174275
East Godavari,2020,Cotton,Kharif,6962.0,15995.0,2.297471990807239,0.5842510928628053
East Godavari,2020,Groundnut,Kharif,12.0,41.0,3.4166666666666665,0.5842510928628053
East Godavari,2020,Groundnut,Rabi,234.0,717.0,3.0641025641025643,0.4463348528572688
East Godavari,2020,Maize,Kharif,681.0,1812.0,2.66079295154185,0.5842510928628053
East Godavari,2020,Maize,Rabi,6646.0,52304.0,7.869996990671081,0.4463348528572688
East Godavari,2020,Rice,Kharif,220431.0,498020.0,2.2593010964882434,0.5842510928628053
East Godavari,2020,Rice,Rabi,178180.0,926819.0,5.201588281513077,0.4463348528572688
East Godavari,2020,Sugarcane,Kharif,1722.0,132108.0,76.71777003484321,0.5842510928628053
East Godavari,2020,Tobacco,Kharif,61.0,152.0,2.4918032786885247,0.5842510928628053
East Godavari,2020,Tobacco,Rabi,1430.0,4014.0,2.806993006993007,0.4463348528572688
East Godavari,2021,Cotton,Kharif,5023.0,18529.0,3.688831375671909,0.5569120315977719
East Godavari,2021,Groundnut,Kharif,11.0,35.0,3.1818181818181817,0.5569120315977719
East Godavari,2021,Groundnut,Rabi,216.0,718.0,3.324074074074074,0.394236185140132
East Godavari,2021,Maize,Kharif,580.0,1362.0,2.3482758620689657,0.5569120315977719
East Godavari,2021,Maize,Rabi,7030.0,66419.0,9.447937411095308,0.394236185140132
East Godavari,2021,Rice,Kharif,229825.0,533960.0,2.3233329707386057,0.5569120315977719
East Godavari,2021,Rice,Rabi,200800.0,913712.0,4.550358565737052,0.394236185140132
East Godavari,2021,Sugarcane,Kharif,922.0,71829.0,77.90563991323211,0.5569120315977719
East Godavari,2021,Tobacco,Kharif,118.0,332.0,2.8135593220338984,0.5569120315977719
East Godavari,2021,Tobacco,Rabi,1113.0,3411.0,3.0646900269541777,0.394236185140132
East Godavari,2022,Cotton,Kharif,2262.0,8058.0,3.5623342175066317,0.3911549729282296
East Godavari,2022,Groundnut,Kharif,285.0,882.0,3.094736842105263,0.3911549729282296
East Godavari,2022,Groundnut,Rabi,344.0,1107.0,3.2180232558139537,0.3249359874669368
East Godavari,2022,Maize,Kharif,334.0,1396.0,4.179640718562874,0.3911549729282296
East Godavari,2022,Maize,Rabi,10914.0,112088.0,10.27011178303097,0.3249359874669368
East Godavari,2022,Rice,Kharif,222078.0,736866.0,3.3180504147191527,0.3911549729282296
East Godavari,2022,Rice,Rabi,191918.0,1038595.0,5.41166018820538,0.3249359874669368
East Godavari,2022,Sugarcane,Kharif,1755.0,155592.0,88.65641025641025,0.3911549729282296
East Godavari,2022,Tobacco,Rabi,5302.0,15358.0,2.8966427763108262,0.3249359874669368
East Godavari,2023,Cotton,Kharif,1860.16,8138.89,4.375370935833477,0.3978643743626494
East Godavari,2023,Groundnut,Kharif,293.99,1010.81,3.4382461988503006,0.3978643743626494
East Godavari,2023,Groundnut,Rabi,415.01,1569.2599999999998,3.781258282932941,0.3420809634306106
East Godavari,2023,Maize,Kharif,244.0,1145.7,4.6954918032786885,0.3978643743626494
East Godavari,2023,Maize,Rabi,9253.17,92529.16,9.999725499477476,0.3420809634306106
East Godavari,2023,Rice,Kharif,219233.0,823540.21,3.756460979870731,0.3978643743626494
East Godavari,2023,Rice,Rabi,189432.32,969287.31,5.116800079310647,0.3420809634306106
East Godavari,2023,Sugarcane,Kharif,1580.17,115272.51,72.94943582019657,0.3978643743626494
East Godavari,2023,Tobacco,Kharif,21.24,71.21,3.3526365348399247,0.3978643743626494
East Godavari,2024,Cotton,Kharif,2143.4,9457.9,4.412568815899972,0.4011137793638343
East Godavari,2024,Groundnut,Kharif,345.77,1224.38,3.5410243803684534,0.4011137793638343
East Godavari,2024,Groundnut,Rabi,310.93,1041.21,3.348695847940051,0.3351785666258842
East Godavari,2024,Maize,Kharif,313.76,1438.78,4.585606833248343,0.4011137793638343
East Godavari,2024,Maize,Rabi,9280.26,93011.67,10.022528463642182,0.3351785666258842
East Godavari,2024,Rice,Kharif,224298.99,797643.6799999999,3.5561626024263417,0.4011137793638343
East Godavari,2024,Rice,Rabi,192514.34,1043786.24,5.421862288284602,0.3351785666258842
East Godavari,2024,Sugarcane,Kharif,991.78,82219.34,82.9007844481639,0.4011137793638343
East Godavari,2024,Tobacco,Kharif,6391.91,17009.26,2.661060621942424,0.4011137793638343
Guntur,2015,Cotton,Rabi,79.0,306.0,3.873417721518988,0.2589546685951907
Guntur,2015,Groundnut,Rabi,2333.0,8548.0,3.6639519931418776,0.2589546685951907
Guntur,2015,Maize,Rabi,31379.0,287777.0,9.171006086873389,0.2589546685951907
Guntur,2015,Rice,Rabi,2610.0,9051.0,3.467816091954023,0.2589546685951907
Guntur,2015,Tobacco,Rabi,1986.0,7194.0,3.622356495468278,0.2589546685951907
Guntur,2016,Cotton,Kharif,141856.0,654201.0,4.611725975637266,0.3808829836589005
Guntur,2016,Cotton,Rabi,8.0,37.0,4.625,0.3103479829490747
Guntur,2016,Groundnut,Kharif,698.0,1572.0,2.2521489971346704,0.3808829836589005
Guntur,2016,Groundnut,Rabi,3043.0,10450.0,3.434111074597437,0.3103479829490747
Guntur,2016,Maize,Kharif,411.0,1671.0,4.065693430656935,0.3808829836589005
Guntur,2016,Maize,Rabi,34655.0,309538.0,8.93198672630212,0.3103479829490747
Guntur,2016,Rice,Kharif,163747.0,685336.0,4.185334693154684,0.3808829836589005
Guntur,2016,Rice,Rabi,12193.0,50195.0,4.116706306897401,0.3103479829490747
Guntur,2016,Sugarcane,Kharif,267.0,28341.0,106.14606741573034,0.3808829836589005
Guntur,2016,Tobacco,Rabi,1720.0,4019.0,2.3366279069767444,0.3103479829490747
Guntur,2017,Cotton,Kharif,183735.0,802213.0,4.366141453724113,0.4543737334813051
Guntur,2017,Groundnut,Kharif,584.0,1465.0,2.5085616438356166,0.4543737334813051
Guntur,2017,Groundnut,Rabi,3320.0,15040.0,4.530120481927711,0.29591165784291
Guntur,2017,Maize,Kharif,741.0,3153.0,4.255060728744939,0.4543737334813051
Guntur,2017,Maize,Rabi,57371.0,619722.0,10.802007983127364,0.29591165784291
Guntur,2017,Rice,Kharif,183828.0,766563.0,4.170001305568249,0.4543737334813051
Guntur,2017,Rice,Rabi,18663.0,86279.0,4.622997374484274,0.29591165784291
Guntur,2017,Sugarcane,Kharif,226.0,24090.0,106.59292035398232,0.4543737334813051
Guntur,2017,Tobacco,Kharif,1354.0,3956.0,2.921713441654357,0.4543737334813051
Guntur,2017,Tobacco,Rabi,2399.0,6933.0,2.889954147561484,0.29591165784291
Guntur,2018,Cotton,Kharif,176679.0,743399.0,4.2076251280570975,0.2998347121648648
Guntur,2018,Cotton,Rabi,16.0,67.0,4.1875,0.3412338559522121
Guntur,2018,Groundnut,Kharif,597.0,1732.0,2.9011725293132327,0.2998347121648648
Guntur,2018,Groundnut,Rabi,2210.0,8692.0,3.9330316742081446,0.3412338559522121
Guntur,2018,Maize,Kharif,455.0,1945.0,4.274725274725275,0.2998347121648648
Guntur,2018,Maize,Rabi,37423.0,344179.0,9.196991155171952,0.3412338559522121
Guntur,2018,Rice,Kharif,216433.0,857796.0,3.963332763488008,0.2998347121648648
Guntur,2018,Rice,Rabi,30405.0,121397.0,3.992665679986844,0.3412338559522121
Guntur,2018,Sugarcane,Kharif,221.0,21167.0,95.77828054298642,0.2998347121648648
Guntur,2018,Tobacco,Kharif,942.0,2221.0,2.357749469214437,0.2998347121648648
Guntur,2018,Tobacco,Rabi,4663.0,10535.0,2.2592751447565944,0.3412338559522121
Guntur,2019,Cotton,Kharif,182408.0,167541.0,0.9184958993026622,0.3372869819354111
Guntur,2019,Cotton,Rabi,11.0,59.0,5.363636363636363,0.4261717653889622
Guntur,2019,Groundnut,Kharif,390.0,1190.0,3.051282051282051,0.3372869819354111
Guntur,2019,Groundnut,Rabi,2821.0,10491.0,3.71889400921659,0.4261717653889622
Guntur,2019,Maize,Kharif,674.0,3326.0,4.934718100890208,0.3372869819354111
Guntur,2019,Maize,Rabi,47426.0,499538.0,10.53299877704213,0.4261717653889622
Guntur,2019,Rice,Kharif,220272.0,877858.0,3.985336311469456,0.3372869819354111
Guntur,2019,Rice,Rabi,26430.0,105191.0,3.979984865682936,0.4261717653889622
Guntur,2019,Sugarcane,Kharif,120.0,11006.0,91.71666666666668,0.3372869819354111
Guntur,2019,Tobacco,Kharif,2490.0,6309.0,2.5337349397590363,0.3372869819354111
Guntur,2019,Tobacco,Rabi,2510.0,6765.0,2.695219123505976,0.4261717653889622
Guntur,2020,Cotton,Kharif,162789.0,458324.0,2.815448218245705,0.3733241321895801
Guntur,2020,Cotton,Rabi,6.0,18.0,3.0,0.418685142234802
Guntur,2020,Groundnut,Kharif,434.0,1568.0,3.612903225806452,0.3733241321895801
Guntur,2020,Groundnut,Rabi,3562.0,15541.0,4.36299831555306,0.418685142234802
Guntur,2020,Maize,Kharif,1119.0,7455.0,6.662198391420912,0.3733241321895801
Guntur,2020,Maize,Rabi,39668.0,384661.0,9.697010184531612,0.418685142234802
Guntur,2020,Rice,Kharif,213628.0,668086.0,3.12733349560919,0.3733241321895801
Guntur,2020,Rice,Rabi,41657.0,163101.0,3.915332357106849,0.418685142234802
Guntur,2020,Sugarcane,Kharif,158.0,14450.0,91.45569620253164,0.3733241321895801
Guntur,2020,Tobacco,Kharif,1248.0,3395.0,2.7203525641025643,0.3733241321895801
Guntur,2020,Tobacco,Rabi,1904.0,5277.0,2.7715336134453783,0.418685142234802
Guntur,2021,Cotton,Kharif,109585.0,383294.0,3.4976867271980656,0.3491597170635859
Guntur,2021,Groundnut,Kharif,328.0,1427.0,4.350609756097561,0.3491597170635859
Guntur,2021,Groundnut,Rabi,4724.0,22727.0,4.810965283657917,0.3462145898373974
Guntur,2021,Maize,Kharif,896.0,4876.0,5.441964285714286,0.3491597170635859
Guntur,2021,Maize,Rabi,62026.0,501604.0,8.086995775964917,0.3462145898373974
Guntur,2021,Rice,Kharif,222643.0,653977.0,2.9373346568272973,0.3491597170635859
Guntur,2021,Rice,Rabi,31529.0,112621.0,3.571981350502712,0.3462145898373974
Guntur,2021,Sugarcane,Kharif,153.0,14576.0,95.26797385620915,0.3491597170635859
Guntur,2021,Tobacco,Kharif,1442.0,3026.0,2.098474341192788,0.3491597170635859
Guntur,2021,Tobacco,Rabi,2420.0,5214.0,2.1545454545454548,0.3462145898373974
Guntur,2022,Cotton,Kharif,137383.0,417878.0,3.041700938252913,0.2783780238786136
Guntur,2022,Cotton,Rabi,190.0,533.0,2.805263157894737,0.3194752743799484
Guntur,2022,Groundnut,Kharif,938.0,3172.0,3.3816631130063968,0.2783780238786136
Guntur,2022,Groundnut,Rabi,4528.0,20988.0,4.635159010600707,0.3194752743799484
Guntur,2022,Maize,Kharif,2145.0,11304.0,5.26993006993007,0.2783780238786136
Guntur,2022,Maize,Rabi,79771.0,884617.0,11.089456067994634,0.3194752743799484
Guntur,2022,Rice,Kharif,199763.0,815850.0,4.084089646230783,0.2783780238786136
Guntur,2022,Rice,Rabi,36444.0,143653.0,3.941746240807815,0.3194752743799484
Guntur,2022,Sugarcane,Kharif,246.0,18324.0,74.48780487804878,0.2783780238786136
Guntur,2022,Tobacco,Kharif,868.0,2246.0,2.587557603686636,0.2783780238786136
Guntur,2022,Tobacco,Rabi,8184.0,22083.0,2.6983137829912023,0.3194752743799484
Guntur,2023,Cotton,Kharif,84948.72,286655.82,3.374457201944891,0.294286358782684
Guntur,2023,Groundnut,Kharif,713.99,3035.3900000000003,4.25130604070085,0.294286358782684
Guntur,2023,Groundnut,Rabi,4177.18,14073.98,3.3692538985631457,0.2906352449520478
Guntur,2023,Maize,Kharif,1561.01,6753.71,4.326500150543558,0.294286358782684
Guntur,2023,Maize,Rabi,36950.72,338949.33,9.173010160559794,0.2906352449520478
Guntur,2023,Rice,Kharif,152230.0,546512.75,3.590046311502332,0.294286358782684
Guntur,2023,Rice,Rabi,11996.09,38826.47,3.2365937567990906,0.2906352449520478
Guntur,2023,Sugarcane,Kharif,136.01999999999998,10849.15,79.76143214233201,0.294286358782684
Guntur,2023,Tobacco,Kharif,18864.94,60933.38,3.229980058245613,0.294286358782684
Guntur,2024,Cotton,Kharif,89528.94,338770.01,3.783916239821448,0.2843018077844248
Guntur,2024,Groundnut,Kharif,642.43,2437.69,3.794483445667233,0.2843018077844248
Guntur,2024,Groundnut,Rabi,2936.89,10165.35,3.461263445345246,0.3117095741047955
Guntur,2024,Maize,Kharif,2785.83,13753.59,4.936981079247477,0.2843018077844248
Guntur,2024,Maize,Rabi,60190.15,531515.35,8.830603512368718,0.3117095741047955
Guntur,2024,Rice,Kharif,179938.95,667635.35,3.710343702683604,0.2843018077844248
Guntur,2024,Rice,Rabi,35956.619999999995,137563.24,3.825811213623528,0.3117095741047955
Guntur,2024,Sugarcane,Kharif,90.35,8325.74,92.14986164914222,0.2843018077844248
Guntur,2024,Tobacco,Kharif,38554.23,113864.98,2.9533719127576923,0.2843018077844248
Kadapa,2015,Cotton,Kharif,32753.0,46665.0,1.4247549842762497,0.344226748691941
Kadapa,2015,Groundnut,Kharif,28676.0,36619.0,1.2769912121634817,0.344226748691941
Kadapa,2015,Maize,Kharif,190.0,671.0,3.531578947368421,0.344226748691941
Kadapa,2015,Rice,Kharif,18625.0,50337.0,2.7026577181208054,0.344226748691941
Kadapa,2015,Sugarcane,Kharif,261.0,19485.0,74.65517241379311,0.344226748691941
Kadapa,2015,Tobacco,Kharif,40.0,71.0,1.775,0.344226748691941
Kadapa,2016,Cotton,Kharif,18840.0,17430.0,0.9251592356687898,0.2784495716362275
Kadapa,2016,Cotton,Rabi,560.0,517.0,0.9232142857142858,0.2366356439828683
Kadapa,2016,Groundnut,Kharif,52015.0,19558.0,0.3760069210804576,0.2784495716362275
Kadapa,2016,Groundnut,Rabi,13396.0,45988.0,3.4329650641982683,0.2366356439828683
Kadapa,2016,Maize,Kharif,405.0,1714.0,4.232098765432099,0.2784495716362275
Kadapa,2016,Maize,Rabi,2340.0,12428.0,5.311111111111111,0.2366356439828683
Kadapa,2016,Rice,Kharif,44388.0,146747.0,3.3060061277822834,0.2784495716362275
Kadapa,2016,Rice,Rabi,5941.0,18893.0,3.180104359535432,0.2366356439828683
Kadapa,2016,Sugarcane,Kharif,245.0,19005.0,77.57142857142857,0.2784495716362275
Kadapa,2016,Tobacco,Kharif,72.0,120.0,1.6666666666666667,0.2784495716362275
Kadapa,2016,Tobacco,Rabi,26.0,43.0,1.6538461538461535,0.2366356439828683
Kadapa,2017,Cotton,Rabi,354.0,256.0,0.7231638418079096,0.2296167122730051
Kadapa,2017,Groundnut,Rabi,19056.0,32167.0,1.6880247691015953,0.2296167122730051
Kadapa,2017,Maize,Rabi,2455.0,33761.0,13.751934826883913,0.2296167122730051
Kadapa,2017,Rice,Rabi,24262.0,69268.0,2.854999587832825,0.2296167122730051
Kadapa,2018,Cotton,Rabi,677.0,1378.0,2.035450516986706,0.2352582235080253
Kadapa,2018,Groundnut,Rabi,11113.0,10813.0,0.9730045892198328,0.2352582235080253
Kadapa,2018,Maize,Rabi,3545.0,9533.0,2.689139633286319,0.2352582235080253
Kadapa,2018,Rice,Rabi,6799.0,20932.0,3.0786880423591705,0.2352582235080253
Kadapa,2018,Tobacco,Rabi,76.0,100.0,1.3157894736842106,0.2352582235080253
Kadapa,2019,Cotton,Kharif,13410.0,9576.0,0.7140939597315437,0.2490666180104711
Kadapa,2019,Cotton,Rabi,1132.0,4755.0,4.200530035335689,0.3054727608463318
Kadapa,2019,Groundnut,Kharif,8332.0,13156.0,1.5789726356216995,0.2490666180104711
Kadapa,2019,Groundnut,Rabi,13495.0,39662.0,2.939014449796221,0.3054727608463318
Kadapa,2019,Maize,Kharif,219.0,985.0,4.497716894977169,0.2490666180104711
Kadapa,2019,Maize,Rabi,2125.0,0.0,0.0,0.3054727608463318
Kadapa,2019,Rice,Kharif,32647.0,99769.0,3.0559928936808896,0.2490666180104711
Kadapa,2019,Rice,Rabi,9162.0,29795.0,3.252019209779524,0.3054727608463318
Kadapa,2019,Sugarcane,Kharif,182.0,12922.0,71.0,0.2490666180104711
Kadapa,2019,Tobacco,Kharif,98.0,322.0,3.2857142857142856,0.2490666180104711
Kadapa,2019,Tobacco,Rabi,4.0,8.0,2.0,0.3054727608463318
Kadapa,2020,Cotton,Kharif,15227.0,15625.0,1.0261377815722073,0.4705876384733525
Kadapa,2020,Cotton,Rabi,1321.0,1355.0,1.0257380772142315,0.3502180551569174
Kadapa,2020,Groundnut,Kharif,29827.0,28932.0,0.9699936299326114,0.4705876384733525
Kadapa,2020,Groundnut,Rabi,12187.0,23996.0,1.968983342906376,0.3502180551569174
Kadapa,2020,Maize,Kharif,699.0,1439.0,2.0586552217453504,0.4705876384733525
Kadapa,2020,Maize,Rabi,1254.0,7253.0,5.783891547049442,0.3502180551569174
Kadapa,2020,Rice,Kharif,36780.0,70201.0,1.908673191952148,0.4705876384733525
Kadapa,2020,Rice,Rabi,23407.0,77665.0,3.318024522578716,0.3502180551569174
Kadapa,2020,Sugarcane,Kharif,70.0,5351.0,76.44285714285714,0.4705876384733525
Kadapa,2020,Tobacco,Rabi,73.0,160.0,2.191780821917808,0.3502180551569174
Kadapa,2021,Cotton,Kharif,22496.0,41421.0,1.8412606685633,0.3830680290303666
Kadapa,2021,Cotton,Rabi,6647.0,12239.0,1.841281781254701,0.284832803949167
Kadapa,2021,Groundnut,Kharif,23329.0,18990.0,0.8140083158300827,0.3830680290303666
Kadapa,2021,Groundnut,Rabi,12233.0,25812.0,2.110030246055751,0.284832803949167
Kadapa,2021,Maize,Kharif,693.0,2082.0,3.0043290043290045,0.3830680290303666
Kadapa,2021,Maize,Rabi,1146.0,3729.0,3.2539267015706805,0.284832803949167
Kadapa,2021,Rice,Kharif,52146.0,87223.0,1.6726690446055306,0.3830680290303666
Kadapa,2021,Rice,Rabi,18356.0,54028.0,2.943342776203966,0.284832803949167
Kadapa,2021,Sugarcane,Kharif,125.0,8650.0,69.2,0.3830680290303666
Kadapa,2021,Tobacco,Kharif,6.0,13.0,2.1666666666666665,0.3830680290303666
Kadapa,2021,Tobacco,Rabi,48.0,94.0,1.9583333333333333,0.284832803949167
Kadapa,2022,Cotton,Kharif,46263.0,34651.0,0.7490002810020967,0.3021878225410331
Kadapa,2022,Cotton,Rabi,3461.0,6334.0,1.8301069055186363,0.2525074249266112
Kadapa,2022,Groundnut,Kharif,3651.0,6203.0,1.6989865790194467,0.3021878225410331
Kadapa,2022,Groundnut,Rabi,5634.0,15274.0,2.7110401135960243,0.2525074249266112
Kadapa,2022,Maize,Kharif,627.0,1836.0,2.9282296650717705,0.3021878225410331
Kadapa,2022,Maize,Rabi,1220.0,4404.0,3.6098360655737705,0.2525074249266112
Kadapa,2022,Rice,Kharif,27616.0,88721.0,3.212666570104288,0.3021878225410331
Kadapa,2022,Rice,Rabi,10431.0,37475.0,3.592656504649602,0.2525074249266112
Kadapa,2022,Sugarcane,Kharif,87.0,8304.0,95.44827586206895,0.3021878225410331
Kadapa,2022,Tobacco,Kharif,1.0,2.0,2.0,0.3021878225410331
Kadapa,2022,Tobacco,Rabi,81.0,150.0,1.851851851851852,0.2525074249266112
Kadapa,2023,Cotton,Kharif,23129.96,19334.64,0.8359132484448741,0.2628304545526803
Kadapa,2023,Groundnut,Kharif,4189.91,4634.3,1.1060619440513042,0.2628304545526803
Kadapa,2023,Groundnut,Rabi,5431.23,16731.28,3.0805692264919733,0.2252538742593096
Kadapa,2023,Maize,Kharif,982.01,3980.44,4.053359945418071,0.2628304545526803
Kadapa,2023,Maize,Rabi,1524.03,6073.07,3.984875625807891,0.2252538742593096
Kadapa,2023,Rice,Kharif,23096.0,78516.27,3.399561395912712,0.2628304545526803
Kadapa,2023,Rice,Rabi,8984.06,29768.12,3.313437354603598,0.2252538742593096
Kadapa,2023,Sugarcane,Kharif,52.01,4968.51,95.52989809651991,0.2628304545526803
Kadapa,2023,Tobacco,Kharif,998.48,2136.27,2.139522073551799,0.2628304545526803
Kadapa,2024,Cotton,Kharif,13444.01,18796.29,1.3981163358253974,0.3067851830878803
Kadapa,2024,Groundnut,Kharif,2729.08,3584.31,1.313376669060636,0.3067851830878803
Kadapa,2024,Groundnut,Rabi,2602.04,7282.48,2.798757897649536,0.2515304372813206
Kadapa,2024,Maize,Kharif,1689.69,6214.57,3.6779350058294713,0.3067851830878803
Kadapa,2024,Maize,Rabi,2407.81,9501.15,3.945971650587048,0.2515304372813206
Kadapa,2024,Rice,Kharif,28722.08,92030.92,3.2041871619325617,0.3067851830878803
Kadapa,2024,Rice,Rabi,6515.73,22851.2,3.5070820921063337,0.2515304372813206
Kadapa,2024,Sugarcane,Kharif,39.15,4006.27,102.33128991060026,0.3067851830878803
Kadapa,2024,Tobacco,Kharif,400.5,738.69,1.8444194756554309,0.3067851830878803
Krishna,2015,Groundnut,Rabi,815.0,2744.0,3.366871165644172,0.2379506532159851
Krishna,2015,Maize,Rabi,16171.0,100179.0,6.194978665512337,0.2379506532159851
Krishna,2015,Rice,Rabi,9861.0,55555.0,5.633809958422066,0.2379506532159851
Krishna,2015,Tobacco,Rabi,1539.0,8394.0,5.454191033138401,0.2379506532159851
Krishna,2016,Cotton,Kharif,37312.0,159453.0,4.273504502572899,0.4249482194089511
Krishna,2016,Groundnut,Kharif,926.0,4085.0,4.411447084233261,0.4249482194089511
Krishna,2016,Groundnut,Rabi,684.0,2036.0,2.9766081871345027,0.3028236871452609
Krishna,2016,Maize,Kharif,4545.0,19716.0,4.337953795379538,0.4249482194089511
Krishna,2016,Maize,Rabi,15544.0,115197.0,7.411026762738034,0.3028236871452609
Krishna,2016,Rice,Kharif,215895.0,833499.0,3.860668380462725,0.4249482194089511
Krishna,2016,Rice,Rabi,15514.0,64217.0,4.13929354131752,0.3028236871452609
Krishna,2016,Sugarcane,Kharif,10983.0,993610.0,90.4679959938086,0.4249482194089511
Krishna,2016,Tobacco,Rabi,1479.0,6766.0,4.574712643678161,0.3028236871452609
Krishna,2017,Groundnut,Rabi,706.0,2530.0,3.58356940509915,0.282040288820297
Krishna,2017,Maize,Rabi,23547.0,163063.0,6.925001061706374,0.282040288820297
Krishna,2017,Rice,Rabi,22744.0,101234.0,4.451020049243756,0.282040288820297
Krishna,2017,Tobacco,Rabi,1320.0,6943.0,5.259848484848485,0.282040288820297
Krishna,2018,Cotton,Kharif,47109.0,174431.0,3.702710734679149,0.2660431073138872
Krishna,2018,Groundnut,Kharif,1029.0,4183.0,4.06511175898931,0.2660431073138872
Krishna,2018,Groundnut,Rabi,547.0,2364.0,4.321755027422303,0.389616594927248
Krishna,2018,Maize,Kharif,4063.0,14261.0,3.509968003937977,0.2660431073138872
Krishna,2018,Maize,Rabi,17370.0,114051.0,6.565975820379966,0.389616594927248
Krishna,2018,Rice,Kharif,245815.0,1022427.0,4.159335272460997,0.2660431073138872
Krishna,2018,Rice,Rabi,28199.0,124621.0,4.419341111386928,0.389616594927248
Krishna,2018,Sugarcane,Kharif,13133.0,1304989.0,99.36716667935734,0.2660431073138872
Krishna,2018,Tobacco,Rabi,1702.0,8684.0,5.102232667450059,0.389616594927248
Krishna,2019,Cotton,Kharif,48423.0,37671.0,0.7779567560869834,0.3417477746168431
Krishna,2019,Groundnut,Kharif,870.0,3611.0,4.150574712643678,0.3417477746168431
Krishna,2019,Groundnut,Rabi,622.0,2574.0,4.138263665594855,0.4195439941312879
Krishna,2019,Maize,Kharif,3981.0,21028.0,5.282089927153981,0.3417477746168431
Krishna,2019,Maize,Rabi,21676.0,128018.0,5.905978962908286,0.4195439941312879
Krishna,2019,Rice,Kharif,243863.0,945538.0,3.877332764708053,0.3417477746168431
Krishna,2019,Rice,Rabi,71173.0,315771.0,4.436668399533531,0.4195439941312879
Krishna,2019,Sugarcane,Kharif,8996.0,834188.0,92.72876834148512,0.3417477746168431
Krishna,2019,Tobacco,Rabi,1152.0,5657.0,4.910590277777778,0.4195439941312879
Krishna,2020,Cotton,Kharif,47851.0,111337.0,2.326743432739128,0.4569428084610765
Krishna,2020,Groundnut,Kharif,1079.0,2487.0,2.304911955514365,0.4569428084610765
Krishna,2020,Groundnut,Rabi,833.0,2546.0,3.0564225690276112,0.3831030617962172
Krishna,2020,Maize,Kharif,4322.0,21182.0,4.900971772327626,0.4569428084610765
Krishna,2020,Maize,Rabi,22801.0,133545.0,5.856979957019429,0.3831030617962172
Krishna,2020,Rice,Kharif,250926.0,812833.0,3.2393335086838357,0.4569428084610765
Krishna,2020,Rice,Rabi,87691.0,385723.0,4.398661208105735,0.3831030617962172
Krishna,2020,Sugarcane,Kharif,4457.0,403344.0,90.49674669059904,0.4569428084610765
Krishna,2020,Tobacco,Rabi,1066.0,5631.0,5.282363977485929,0.3831030617962172
Krishna,2021,Cotton,Kharif,36172.0,137397.0,3.79843525378746,0.4641863013988798
Krishna,2021,Groundnut,Kharif,992.0,2622.0,2.6431451612903225,0.4641863013988798
Krishna,2021,Groundnut,Rabi,992.0,3345.0,3.371975806451613,0.3206665183368878
Krishna,2021,Maize,Kharif,4163.0,17360.0,4.1700696613019455,0.4641863013988798
Krishna,2021,Maize,Rabi,20381.0,113216.0,5.554977675285805,0.3206665183368878
Krishna,2021,Rice,Kharif,247769.0,846875.0,3.41800225209772,0.4641863013988798
Krishna,2021,Rice,Rabi,20744.0,81496.0,3.928654068646356,0.3206665183368878
Krishna,2021,Sugarcane,Kharif,4381.0,441636.0,100.80712166172108,0.4641863013988798
Krishna,2021,Tobacco,Rabi,1207.0,7044.0,5.835956917978459,0.3206665183368878
Krishna,2022,Cotton,Kharif,39528.0,131934.0,3.3377352762598664,0.2984922968442974
Krishna,2022,Cotton,Rabi,3.0,8.0,2.6666666666666665,0.3000319667310399
Krishna,2022,Groundnut,Kharif,658.0,1664.0,2.5288753799392096,0.2984922968442974
Krishna,2022,Groundnut,Rabi,467.0,1385.0,2.9657387580299788,0.3000319667310399
Krishna,2022,Maize,Kharif,3068.0,13765.0,4.486636245110821,0.2984922968442974
Krishna,2022,Maize,Rabi,16032.0,111728.0,6.969061876247505,0.3000319667310399
Krishna,2022,Rice,Kharif,208909.0,826677.0,3.957115299005787,0.2984922968442974
Krishna,2022,Rice,Rabi,22500.0,87320.0,3.880888888888889,0.3000319667310399
Krishna,2022,Sugarcane,Kharif,3896.0,399503.0,102.54183778234086,0.2984922968442974
Krishna,2022,Tobacco,Rabi,85.0,220.0,2.588235294117647,0.3000319667310399
Krishna,2023,Cotton,Kharif,29530.57,128746.92,4.359784453872716,0.3355529348010286
Krishna,2023,Groundnut,Kharif,623.99,1799.92,2.88453340598407,0.3355529348010286
Krishna,2023,Groundnut,Rabi,835.03,1682.23,2.014574326670898,0.2853409456115433
Krishna,2023,Maize,Kharif,3538.03,21764.53,6.151595661992691,0.3355529348010286
Krishna,2023,Maize,Rabi,10722.21,73313.20000000001,6.837508312185642,0.2853409456115433
Krishna,2023,Rice,Kharif,193538.0,741031.55,3.828868490942348,0.3355529348010286
Krishna,2023,Rice,Rabi,13777.09,46356.740000000005,3.364770063924966,0.2853409456115433
Krishna,2023,Sugarcane,Kharif,2610.29,271944.93,104.18188400522548,0.3355529348010286
Krishna,2024,Cotton,Kharif,31326.97,111832.36,3.5698428542562524,0.268593217066742
Krishna,2024,Groundnut,Kharif,589.31,1643.55,2.7889396073373947,0.268593217066742
Krishna,2024,Groundnut,Rabi,405.6,1506.09,3.7132396449704137,0.2891410617305603
Krishna,2024,Maize,Kharif,4478.52,18327.22,4.092249225190464,0.268593217066742
Krishna,2024,Maize,Rabi,13656.9,103869.01,7.605606689658707,0.2891410617305603
Krishna,2024,Rice,Kharif,200288.59,738694.1399999999,3.688148885565573,0.268593217066742
Krishna,2024,Rice,Rabi,25558.48,108770.25,4.255740169211941,0.2891410617305603
Krishna,2024,Sugarcane,Kharif,2294.76,264089.42,115.08367759591415,0.268593217066742
Krishna,2024,Tobacco,Kharif,79.3,230.8,2.9104665825977305,0.268593217066742
Kurnool,2015,Cotton,Rabi,7.0,12.0,1.7142857142857142,0.1666848565673479
Kurnool,2015,Groundnut,Rabi,13560.0,27812.0,2.051032448377581,0.1666848565673479
Kurnool,2015,Maize,Rabi,5319.0,22914.0,4.307952622673435,0.1666848565673479
Kurnool,2015,Rice,Rabi,9276.0,25589.0,2.7586244070720136,0.1666848565673479
Kurnool,2015,Tobacco,Rabi,6588.0,11687.0,1.7739829993928355,0.1666848565673479
Kurnool,2016,Cotton,Kharif,176195.0,531777.0,3.018116291608729,0.3193962111486176
Kurnool,2016,Groundnut,Kharif,113447.0,99153.0,0.8740028383297928,0.3193962111486176
Kurnool,2016,Groundnut,Rabi,17511.0,36143.0,2.064016903660556,0.2297042203340191
Kurnool,2016,Maize,Kharif,27874.0,149600.0,5.367008681925809,0.3193962111486176
Kurnool,2016,Maize,Rabi,7879.0,45092.0,5.72306130219571,0.2297042203340191
Kurnool,2016,Rice,Kharif,79264.0,322068.0,4.063231731933791,0.3193962111486176
Kurnool,2016,Rice,Rabi,29451.0,112817.0,3.8306678890360257,0.2297042203340191
Kurnool,2016,Sugarcane,Kharif,406.0,42708.0,105.19211822660098,0.3193962111486176
Kurnool,2016,Tobacco,Kharif,804.0,1342.0,1.6691542288557213,0.3193962111486176
Kurnool,2016,Tobacco,Rabi,6078.0,10144.0,1.6689700559394538,0.2297042203340191
Kurnool,2017,Groundnut,Rabi,14323.0,30136.0,2.104028485652447,0.2360605583116399
Kurnool,2017,Maize,Rabi,12880.0,64992.0,5.045962732919255,0.2360605583116399
Kurnool,2017,Rice,Rabi,42498.0,155500.0,3.658995717445527,0.2360605583116399
Kurnool,2017,Tobacco,Rabi,4802.0,6689.0,1.3929612661391086,0.2360605583116399
Kurnool,2018,Cotton,Kharif,259498.0,304183.0,1.1721978589430362,0.2415484813908016
Kurnool,2018,Groundnut,Kharif,89187.0,42542.0,0.4769977687331113,0.2415484813908016
Kurnool,2018,Groundnut,Rabi,9225.0,19400.0,2.102981029810298,0.2053299956989325
Kurnool,2018,Maize,Kharif,40845.0,185559.0,4.543004039662137,0.2415484813908016
Kurnool,2018,Maize,Rabi,7548.0,37363.0,4.950052994170641,0.2053299956989325
Kurnool,2018,Rice,Kharif,88858.0,346199.0,3.896092642193162,0.2415484813908016
Kurnool,2018,Rice,Rabi,21039.0,74787.0,3.5546841579923,0.2053299956989325
Kurnool,2018,Sugarcane,Kharif,695.0,62800.0,90.35971223021583,0.2415484813908016
Kurnool,2018,Tobacco,Kharif,165.0,218.0,1.3212121212121213,0.2415484813908016
Kurnool,2018,Tobacco,Rabi,5067.0,6699.0,1.3220840734162227,0.2053299956989325
Kurnool,2019,Cotton,Kharif,274620.0,153618.0,0.5593838759012454,0.3187438748458034
Kurnool,2019,Groundnut,Kharif,79542.0,125040.0,1.5719996982726108,0.3187438748458034
Kurnool,2019,Groundnut,Rabi,15531.0,41856.0,2.694997102569056,0.3208125843876231
Kurnool,2019,Maize,Kharif,30737.0,167271.0,5.4420080033835445,0.3187438748458034
Kurnool,2019,Maize,Rabi,14029.0,69864.0,4.979970062014399,0.3208125843876231
Kurnool,2019,Rice,Kharif,82759.0,329605.0,3.9827088292512,0.3187438748458034
Kurnool,2019,Rice,Rabi,38714.0,151604.0,3.9159993800692257,0.3208125843876231
Kurnool,2019,Sugarcane,Kharif,345.0,29835.0,86.47826086956522,0.3187438748458034
Kurnool,2019,Tobacco,Kharif,85.0,131.0,1.5411764705882354,0.3187438748458034
Kurnool,2019,Tobacco,Rabi,3189.0,4914.0,1.5409219190968957,0.3208125843876231
Kurnool,2020,Cotton,Kharif,275798.0,862950.0,3.128920441772601,0.384929019267994
Kurnool,2020,Cotton,Rabi,3.0,10.0,3.333333333333333,0.3258023445826444
Kurnool,2020,Groundnut,Kharif,93972.0,95288.0,1.0140041714553272,0.384929019267994
Kurnool,2020,Groundnut,Rabi,30621.0,63202.0,2.064008360275628,0.3258023445826444
Kurnool,2020,Maize,Kharif,46849.0,181680.0,3.8779909923370823,0.384929019267994
Kurnool,2020,Maize,Rabi,12217.0,56113.0,4.593026111156585,0.3258023445826444
Kurnool,2020,Rice,Kharif,83979.0,247240.0,2.944069350671001,0.384929019267994
Kurnool,2020,Rice,Rabi,38959.0,153005.0,3.927333863805539,0.3258023445826444
Kurnool,2020,Sugarcane,Kharif,186.0,20397.0,109.66129032258064,0.384929019267994
Kurnool,2020,Tobacco,Rabi,3540.0,7739.0,2.1861581920903954,0.3258023445826444
Kurnool,2021,Cotton,Kharif,266365.0,508867.0,1.9104124040320611,0.3720749614263596
Kurnool,2021,Cotton,Rabi,6.0,12.0,2.0,0.2737248709437186
Kurnool,2021,Groundnut,Kharif,95529.0,67921.0,0.7109987543049755,0.3720749614263596
Kurnool,2021,Groundnut,Rabi,18461.0,33304.0,1.8040192838957805,0.2737248709437186
Kurnool,2021,Maize,Kharif,59252.0,232268.0,3.9200027003307913,0.3720749614263596
Kurnool,2021,Maize,Rabi,11198.0,57647.0,5.1479728522950525,0.2737248709437186
Kurnool,2021,Rice,Kharif,85481.0,265761.0,3.1090066798469835,0.3720749614263596
Kurnool,2021,Rice,Rabi,31675.0,117219.0,3.700678768745067,0.2737248709437186
Kurnool,2021,Sugarcane,Kharif,128.0,14304.0,111.75,0.3720749614263596
Kurnool,2021,Tobacco,Kharif,10.0,21.0,2.1,0.3720749614263596
Kurnool,2021,Tobacco,Rabi,2840.0,5956.0,2.0971830985915494,0.2737248709437186
Kurnool,2022,Cotton,Kharif,305783.0,672075.0,2.197882158262559,0.2882075077901991
Kurnool,2022,Cotton,Rabi,16.0,29.0,1.8125,0.2510375450214783
Kurnool,2022,Groundnut,Kharif,53628.0,51607.0,0.9623144625941672,0.2882075077901991
Kurnool,2022,Groundnut,Rabi,18587.0,48514.0,2.610103836014418,0.2510375450214783
Kurnool,2022,Maize,Kharif,53427.0,241669.0,4.523349617234731,0.2882075077901991
Kurnool,2022,Maize,Rabi,32312.0,158596.0,4.908269373607329,0.2510375450214783
Kurnool,2022,Rice,Kharif,76108.0,289547.0,3.804422662532191,0.2882075077901991
Kurnool,2022,Rice,Rabi,38421.0,159214.0,4.143931704016033,0.2510375450214783
Kurnool,2022,Sugarcane,Kharif,178.0,17118.0,96.1685393258427,0.2882075077901991
Kurnool,2022,Tobacco,Kharif,45.0,105.0,2.333333333333333,0.2882075077901991
Kurnool,2022,Tobacco,Rabi,3382.0,7874.0,2.3282081608515672,0.2510375450214783
Kurnool,2023,Cotton,Kharif,214286.14,222652.14,1.0390412557713715,0.2461318468209411
Kurnool,2023,Groundnut,Kharif,37910.21,26458.57,0.6979272866069589,0.2461318468209411
Kurnool,2023,Groundnut,Rabi,10620.45,23781.22,2.239191371363737,0.1992114374406509
Kurnool,2023,Maize,Kharif,59043.42,232306.41,3.9345012534843,0.2461318468209411
Kurnool,2023,Maize,Rabi,14593.29,78237.56,5.361200935498437,0.1992114374406509
Kurnool,2023,Rice,Kharif,64462.0,257970.62,4.001902205950793,0.2461318468209411
Kurnool,2023,Rice,Rabi,13971.1,47470.59,3.397770397463334,0.1992114374406509
Kurnool,2023,Sugarcane,Kharif,113.01,10781.19,95.40031855588,0.2461318468209411
Kurnool,2023,Tobacco,Kharif,18992.42,49177.01,2.5892966773059998,0.2461318468209411
Kurnool,2024,Cotton,Kharif,205008.86,534864.7000000001,2.6089833385737573,0.3071181248116773
Kurnool,2024,Groundnut,Kharif,52342.64,62213.350000000006,1.1885787572044515,0.3071181248116773
Kurnool,2024,Groundnut,Rabi,11475.5,23464.99,2.044790205219816,0.2317417355610214
Kurnool,2024,Maize,Kharif,59463.75,268764.47000000003,4.519803577810011,0.3071181248116773
Kurnool,2024,Maize,Rabi,22628.17,132098.47,5.837788473394005,0.2317417355610214
Kurnool,2024,Rice,Kharif,80838.58,324042.02,4.00850707669531,0.3071181248116773
Kurnool,2024,Rice,Rabi,43999.7,174156.84999999998,3.958137214571917,0.2317417355610214
Kurnool,2024,Sugarcane,Kharif,93.36,9553.47,102.32937017994858,0.3071181248116773
Kurnool,2024,Tobacco,Kharif,21490.4,51679.86,2.40478818449168,0.3071181248116773
Nellore,2015,Cotton,Rabi,998.0,2372.0,2.376753507014028,0.246424666498909
Nellore,2015,Groundnut,Rabi,5251.0,19318.0,3.678918301275948,0.246424666498909
Nellore,2015,Maize,Rabi,829.0,5384.0,6.494571773220748,0.246424666498909
Nellore,2015,Rice,Rabi,257837.0,1179003.0,4.5726680034285225,0.246424666498909
Nellore,2015,Tobacco,Rabi,8207.0,9331.0,1.1369562568539051,0.246424666498909
Nellore,2016,Cotton,Kharif,2124.0,5169.0,2.43361581920904,0.2187332745630453
Nellore,2016,Cotton,Rabi,5484.0,13355.0,2.435266229029905,0.2600417448308955
Nellore,2016,Groundnut,Kharif,12184.0,31971.0,2.624015101772817,0.2187332745630453
Nellore,2016,Groundnut,Rabi,3371.0,12385.0,3.673983981014536,0.2600417448308955
Nellore,2016,Maize,Kharif,102.0,415.0,4.068627450980392,0.2187332745630453
Nellore,2016,Maize,Rabi,821.0,3341.0,4.069427527405603,0.2600417448308955
Nellore,2016,Rice,Kharif,73827.0,287991.0,3.900889918322565,0.2187332745630453
Nellore,2016,Rice,Rabi,130801.0,577103.0,4.412068715070986,0.2600417448308955
Nellore,2016,Sugarcane,Kharif,1184.0,114425.0,96.64273648648648,0.2187332745630453
Nellore,2016,Tobacco,Rabi,4154.0,4407.0,1.0609051516610497,0.2600417448308955
Nellore,2017,Cotton,Kharif,3863.0,7591.0,1.9650530675640692,0.2942303483288144
Nellore,2017,Cotton,Rabi,964.0,1895.0,1.965767634854772,0.2477201786369935
Nellore,2017,Groundnut,Kharif,8208.0,27940.0,3.4039961013645224,0.2942303483288144
Nellore,2017,Groundnut,Rabi,3854.0,14510.0,3.764919564089258,0.2477201786369935
Nellore,2017,Maize,Kharif,82.0,349.0,4.2560975609756095,0.2942303483288144
Nellore,2017,Maize,Rabi,764.0,5877.0,7.692408376963351,0.2477201786369935
Nellore,2017,Rice,Kharif,21184.0,81029.0,3.825009441087613,0.2942303483288144
Nellore,2017,Rice,Rabi,203344.0,955513.0,4.698997757494689,0.2477201786369935
Nellore,2017,Sugarcane,Kharif,962.0,99086.0,103.0,0.2942303483288144
Nellore,2017,Tobacco,Rabi,4634.0,5366.0,1.1579628830384117,0.2477201786369935
Nellore,2018,Cotton,Kharif,791.0,2097.0,2.6510745891276866,0.0171811134537346
Nellore,2018,Cotton,Rabi,2223.0,5895.0,2.651821862348178,0.3153041727543287
Nellore,2018,Groundnut,Kharif,6463.0,26039.0,4.028933931610707,0.0171811134537346
Nellore,2018,Groundnut,Rabi,3025.0,12275.0,4.0578512396694215,0.3153041727543287
Nellore,2018,Maize,Kharif,254.0,1086.0,4.275590551181103,0.0171811134537346
Nellore,2018,Maize,Rabi,488.0,3091.0,6.334016393442623,0.3153041727543287
Nellore,2018,Rice,Kharif,26638.0,94011.0,3.5292063968766425,0.0171811134537346
Nellore,2018,Rice,Rabi,140225.0,591174.0,4.215895881618827,0.3153041727543287
Nellore,2018,Sugarcane,Kharif,738.0,62670.0,84.91869918699187,0.0171811134537346
Nellore,2018,Tobacco,Rabi,4504.0,5202.0,1.1549733570159857,0.3153041727543287
Nellore,2019,Cotton,Kharif,1012.0,435.0,0.4298418972332016,0.3062250482010502
Nellore,2019,Cotton,Rabi,1025.0,2590.0,2.526829268292683,0.3734858875406464
Nellore,2019,Groundnut,Kharif,5607.0,23050.0,4.110932762618156,0.3062250482010502
Nellore,2019,Groundnut,Rabi,3348.0,13419.0,4.008064516129032,0.3734858875406464
Nellore,2019,Maize,Kharif,49.0,183.0,3.73469387755102,0.3062250482010502
Nellore,2019,Maize,Rabi,427.0,3372.0,7.89695550351288,0.3734858875406464
Nellore,2019,Rice,Kharif,16680.0,64015.0,3.837829736211031,0.3062250482010502
Nellore,2019,Rice,Rabi,215725.0,925460.0,4.289998841117163,0.3734858875406464
Nellore,2019,Sugarcane,Kharif,350.0,29592.0,84.54857142857144,0.3062250482010502
Nellore,2019,Tobacco,Rabi,6061.0,9479.0,1.5639333443326184,0.3734858875406464
Nellore,2020,Cotton,Kharif,2748.0,7539.0,2.743449781659389,0.4163106224588179
Nellore,2020,Cotton,Rabi,620.0,1702.0,2.7451612903225806,0.364607936075762
Nellore,2020,Groundnut,Kharif,10636.0,42916.0,4.03497555471982,0.4163106224588179
Nellore,2020,Groundnut,Rabi,3172.0,12821.0,4.041929382093317,0.364607936075762
Nellore,2020,Maize,Kharif,128.0,456.0,3.5625,0.4163106224588179
Nellore,2020,Maize,Rabi,454.0,2188.0,4.819383259911894,0.364607936075762
Nellore,2020,Rice,Kharif,88911.0,320079.0,3.599993251678645,0.4163106224588179
Nellore,2020,Rice,Rabi,224307.0,906866.0,4.042967896677322,0.364607936075762
Nellore,2020,Sugarcane,Kharif,22.0,682.0,31.0,0.4163106224588179
Nellore,2020,Tobacco,Rabi,3687.0,5409.0,1.467046379170057,0.364607936075762
Nellore,2021,Cotton,Kharif,1936.0,5741.0,2.965392561983471,0.3386172141670157
Nellore,2021,Cotton,Rabi,4779.0,14172.0,2.965473948524796,0.3061985962907904
Nellore,2021,Groundnut,Kharif,7161.0,28379.0,3.96299399525206,0.3386172141670157
Nellore,2021,Groundnut,Rabi,3314.0,14260.0,4.302957151478576,0.3061985962907904
Nellore,2021,Maize,Kharif,106.0,421.0,3.9716981132075473,0.3386172141670157
Nellore,2021,Maize,Rabi,418.0,2317.0,5.543062200956938,0.3061985962907904
Nellore,2021,Rice,Kharif,52223.0,196602.0,3.7646630794860494,0.3386172141670157
Nellore,2021,Rice,Rabi,221311.0,972588.0,4.3946663292832255,0.3061985962907904
Nellore,2021,Sugarcane,Kharif,7.0,553.0,79.0,0.3386172141670157
Nellore,2021,Tobacco,Rabi,3497.0,5190.0,1.4841292536459822,0.3061985962907904
Nellore,2022,Cotton,Kharif,5207.0,9765.0,1.875360092183599,0.2817048884784849
Nellore,2022,Cotton,Rabi,10449.0,29396.0,2.813283567805532,0.2738806500367658
Nellore,2022,Groundnut,Kharif,6239.0,24089.0,3.861035422343324,0.2817048884784849
Nellore,2022,Groundnut,Rabi,2139.0,10449.0,4.884992987377279,0.2738806500367658
Nellore,2022,Maize,Kharif,278.0,940.0,3.381294964028777,0.2817048884784849
Nellore,2022,Maize,Rabi,551.0,3220.0,5.8439201451905625,0.2738806500367658
Nellore,2022,Rice,Kharif,24534.0,94995.0,3.871973587674248,0.2817048884784849
Nellore,2022,Rice,Rabi,125957.0,576295.0,4.57533126384401,0.2738806500367658
Nellore,2022,Tobacco,Rabi,6600.0,11068.0,1.676969696969697,0.2738806500367658
Nellore,2023,Cotton,Kharif,264.02,944.26,3.5764714794333763,0.235027603921265
Nellore,2023,Groundnut,Kharif,3179.93,12294.3,3.86621718088134,0.235027603921265
Nellore,2023,Groundnut,Rabi,2167.09,9739.71,4.494372637961505,0.2566343536118001
Nellore,2023,Maize,Kharif,193.0,906.23,4.695492227979274,0.235027603921265
Nellore,2023,Maize,Rabi,642.01,4171.03,6.496830267441317,0.2566343536118001
Nellore,2023,Rice,Kharif,42983.0,169917.78,3.9531391480352696,0.235027603921265
Nellore,2023,Rice,Rabi,105694.74,465968.83,4.4086283763979175,0.2566343536118001
Nellore,2024,Cotton,Kharif,3556.97,21313.11,5.991928523434272,0.2608553615556114
Nellore,2024,Groundnut,Kharif,3288.33,13462.99,4.0941724218676345,0.2608553615556114
Nellore,2024,Groundnut,Rabi,1938.33,8035.6,4.145630516991431,0.2794257218617766
Nellore,2024,Maize,Kharif,328.74,1507.51,4.585721238668857,0.2608553615556114
Nellore,2024,Maize,Rabi,646.95,3950.24,6.105943272277609,0.2794257218617766
Nellore,2024,Rice,Kharif,15576.96,56263.04,3.611939685278771,0.2608553615556114
Nellore,2024,Rice,Rabi,125391.3,530259.99,4.22884195314986,0.2794257218617766
Nellore,2024,Tobacco,Kharif,10075.69,17354.94,1.7224567250481106,0.2608553615556114
Prakasam,2015,Cotton,Rabi,214.0,602.0,2.8130841121495327,0.2157633581189662
Prakasam,2015,Groundnut,Rabi,3474.0,9557.0,2.751007484168106,0.2157633581189662
Prakasam,2015,Maize,Rabi,9328.0,53785.0,5.765973413379074,0.2157633581189662
Prakasam,2015,Rice,Rabi,30198.0,117249.0,3.882674349294655,0.2157633581189662
Prakasam,2015,Tobacco,Rabi,52804.0,102238.0,1.9361790773426253,0.2157633581189662
Prakasam,2016,Cotton,Kharif,14105.0,43441.0,3.079829847571783,0.3335142121802755
Prakasam,2016,Cotton,Rabi,1671.0,5151.0,3.0825852782764813,0.2448262968139604
Prakasam,2016,Groundnut,Kharif,3771.0,10069.0,2.670114028109255,0.3335142121802755
Prakasam,2016,Groundnut,Rabi,2421.0,7849.0,3.242048740190004,0.2448262968139604
Prakasam,2016,Maize,Kharif,726.0,2189.0,3.015151515151515,0.3335142121802755
Prakasam,2016,Maize,Rabi,6931.0,55739.0,8.041985283508874,0.2448262968139604
Prakasam,2016,Rice,Kharif,19297.0,64177.0,3.325750116598435,0.3335142121802755
Prakasam,2016,Rice,Rabi,20775.0,79721.0,3.837352587244284,0.2448262968139604
Prakasam,2016,Sugarcane,Kharif,444.0,34632.0,78.0,0.3335142121802755
Prakasam,2016,Tobacco,Kharif,1903.0,6220.0,3.2685233841303205,0.3335142121802755
Prakasam,2016,Tobacco,Rabi,37220.0,74906.0,2.012520150456744,0.2448262968139604
Prakasam,2017,Cotton,Kharif,35076.0,84281.0,2.402811038886988,0.303097373321298
Prakasam,2017,Cotton,Rabi,496.0,1192.0,2.403225806451613,0.2091301611563713
Prakasam,2017,Groundnut,Kharif,3106.0,7420.0,2.3889246619446234,0.303097373321298
Prakasam,2017,Groundnut,Rabi,1186.0,2986.0,2.517706576728499,0.2091301611563713
Prakasam,2017,Maize,Kharif,1727.0,7568.0,4.382165605095541,0.303097373321298
Prakasam,2017,Maize,Rabi,16283.0,105335.0,6.46901676595222,0.2091301611563713
Prakasam,2017,Rice,Kharif,27547.0,107543.0,3.903982284822304,0.303097373321298
Prakasam,2017,Rice,Rabi,19806.0,74035.0,3.7380086842371,0.2091301611563713
Prakasam,2017,Sugarcane,Kharif,233.0,16567.0,71.1030042918455,0.303097373321298
Prakasam,2017,Tobacco,Kharif,1791.0,5822.0,3.25069793411502,0.303097373321298
Prakasam,2017,Tobacco,Rabi,40642.0,81101.0,1.995497268835195,0.2091301611563713
Prakasam,2018,Cotton,Kharif,38467.0,77234.0,2.0077988925572567,0.1427214011152547
Prakasam,2018,Cotton,Rabi,255.0,513.0,2.011764705882353,0.2362272811792791
Prakasam,2018,Groundnut,Kharif,1105.0,4239.0,3.836199095022625,0.1427214011152547
Prakasam,2018,Groundnut,Rabi,855.0,3378.0,3.950877192982456,0.2362272811792791
Prakasam,2018,Maize,Kharif,1290.0,2327.0,1.803875968992248,0.1427214011152547
Prakasam,2018,Maize,Rabi,4267.0,20243.0,4.744082493555191,0.2362272811792791
Prakasam,2018,Rice,Kharif,27778.0,102036.0,3.673266613867089,0.1427214011152547
Prakasam,2018,Rice,Rabi,37490.0,126566.0,3.375993598292878,0.2362272811792791
Prakasam,2018,Sugarcane,Kharif,75.0,6150.0,82.0,0.1427214011152547
Prakasam,2018,Tobacco,Kharif,2045.0,6085.0,2.975550122249389,0.1427214011152547
Prakasam,2018,Tobacco,Rabi,45509.0,62483.0,1.372981168560065,0.2362272811792791
Prakasam,2019,Cotton,Kharif,45376.0,22296.0,0.491361071932299,0.3110792774460175
Prakasam,2019,Cotton,Rabi,1114.0,3219.0,2.8895870736086176,0.3595669028406728
Prakasam,2019,Groundnut,Kharif,1605.0,5117.0,3.1881619937694703,0.3110792774460175
Prakasam,2019,Groundnut,Rabi,1422.0,4299.0,3.023206751054852,0.3595669028406728
Prakasam,2019,Maize,Kharif,1068.0,7434.0,6.96067415730337,0.3110792774460175
Prakasam,2019,Maize,Rabi,8803.0,65565.0,7.4480290809951155,0.3595669028406728
Prakasam,2019,Rice,Kharif,29872.0,111711.0,3.739655865024103,0.3110792774460175
Prakasam,2019,Rice,Rabi,50503.0,191440.0,3.790665901035582,0.3595669028406728
Prakasam,2019,Sugarcane,Kharif,223.0,16861.0,75.60986547085201,0.3110792774460175
Prakasam,2019,Tobacco,Kharif,3043.0,9150.0,3.006901084456129,0.3110792774460175
Prakasam,2019,Tobacco,Rabi,45486.0,87793.0,1.9301103636283687,0.3595669028406728
Prakasam,2020,Cotton,Kharif,32175.0,44541.0,1.3843356643356644,0.4526593509486041
Prakasam,2020,Cotton,Rabi,808.0,1118.0,1.3836633663366336,0.3810703605517745
Prakasam,2020,Groundnut,Kharif,2421.0,7483.0,3.0908715406856677,0.4526593509486041
Prakasam,2020,Groundnut,Rabi,1139.0,3156.0,2.770851624231782,0.3810703605517745
Prakasam,2020,Maize,Kharif,1799.0,7608.0,4.229016120066704,0.4526593509486041
Prakasam,2020,Maize,Rabi,13300.0,67391.0,5.066992481203007,0.3810703605517745
Prakasam,2020,Rice,Kharif,26622.0,90446.0,3.397415671249343,0.4526593509486041
Prakasam,2020,Rice,Rabi,61737.0,211429.0,3.424672400667347,0.3810703605517745
Prakasam,2020,Sugarcane,Kharif,167.0,12485.0,74.76047904191617,0.4526593509486041
Prakasam,2020,Tobacco,Kharif,1035.0,2884.0,2.7864734299516907,0.4526593509486041
Prakasam,2020,Tobacco,Rabi,32120.0,74499.0,2.31939601494396,0.3810703605517745
Prakasam,2021,Cotton,Kharif,32341.0,62180.0,1.9226369005287407,0.3566165152337843
Prakasam,2021,Cotton,Rabi,9008.0,17320.0,1.922735346358792,0.3287692522390952
Prakasam,2021,Groundnut,Kharif,1693.0,4392.0,2.594211458948612,0.3566165152337843
Prakasam,2021,Groundnut,Rabi,1636.0,3802.0,2.323960880195599,0.3287692522390952
Prakasam,2021,Maize,Kharif,3135.0,10443.0,3.3311004784689,0.3566165152337843
Prakasam,2021,Maize,Rabi,19528.0,110216.0,5.643998361327325,0.3287692522390952
Prakasam,2021,Rice,Kharif,33260.0,102419.0,3.079344558027661,0.3566165152337843
Prakasam,2021,Rice,Rabi,56252.0,184207.0,3.2746746782336627,0.3287692522390952
Prakasam,2021,Sugarcane,Kharif,179.0,13733.0,76.72067039106145,0.3566165152337843
Prakasam,2021,Tobacco,Kharif,819.0,2930.0,3.5775335775335777,0.3566165152337843
Prakasam,2021,Tobacco,Rabi,30543.0,66262.0,2.1694659987558524,0.3287692522390952
Prakasam,2022,Cotton,Kharif,46588.0,79038.0,1.6965312956126042,0.2924836115353673
Prakasam,2022,Cotton,Rabi,2483.0,6985.0,2.8131292790978657,0.2841152396496376
Prakasam,2022,Groundnut,Kharif,446.0,989.0,2.217488789237668,0.2924836115353673
Prakasam,2022,Groundnut,Rabi,292.0,486.0,1.6643835616438356,0.2841152396496376
Prakasam,2022,Maize,Kharif,4196.0,19222.0,4.581029551954242,0.2924836115353673
Prakasam,2022,Maize,Rabi,5872.0,27041.0,4.605074931880109,0.2841152396496376
Prakasam,2022,Rice,Kharif,12432.0,41051.0,3.3020431145431144,0.2924836115353673
Prakasam,2022,Rice,Rabi,14091.0,50943.0,3.615286352991271,0.2841152396496376
Prakasam,2022,Sugarcane,Kharif,81.0,5319.0,65.66666666666667,0.2924836115353673
Prakasam,2022,Tobacco,Kharif,1036.0,2606.0,2.5154440154440154,0.2924836115353673
Prakasam,2022,Tobacco,Rabi,23850.0,38057.0,1.5956813417190776,0.2841152396496376
Prakasam,2023,Cotton,Kharif,18372.66,16564.65,0.901592366048248,0.251875614675033
Prakasam,2023,Groundnut,Kharif,340.99,1172.4,3.4382239948385585,0.251875614675033
Prakasam,2023,Groundnut,Rabi,449.02,908.69,2.023718319896664,0.2387150832702652
Prakasam,2023,Maize,Kharif,3712.03,12844.8,3.460316861663294,0.251875614675033
Prakasam,2023,Maize,Rabi,4395.09,16718.39,3.8038788739252207,0.2387150832702652
Prakasam,2023,Rice,Kharif,8116.0,26820.64,3.304662395268605,0.251875614675033
Prakasam,2023,Rice,Rabi,5970.04,19878.85,3.3297683097600683,0.2387150832702652
Prakasam,2023,Sugarcane,Kharif,15.0,1260.14,84.00933333333334,0.251875614675033
Prakasam,2023,Tobacco,Kharif,43359.64,82062.78,1.8926075031988272,0.251875614675033
Prakasam,2024,Cotton,Kharif,12384.83,15060.06,1.2160086169935316,0.2856462276428771
Prakasam,2024,Groundnut,Kharif,397.89,1408.92,3.5409786624443944,0.2856462276428771
Prakasam,2024,Groundnut,Rabi,344.81,1154.68,3.34874278588208,0.2765773631424145
Prakasam,2024,Maize,Kharif,3908.96,16130.41,4.126522143997381,0.2856462276428771
Prakasam,2024,Maize,Rabi,6331.49,27016.32,4.266976651625447,0.2765773631424145
Prakasam,2024,Rice,Kharif,9546.36,31296.9,3.2784118763591565,0.2856462276428771
Prakasam,2024,Rice,Rabi,13534.91,45619.12,3.370478266940822,0.2765773631424145
Prakasam,2024,Sugarcane,Kharif,12.05,1126.3,93.46887966804978,0.2856462276428771
Prakasam,2024,Tobacco,Kharif,51130.28,86025.12,1.6824691748216516,0.2856462276428771
Srikakulam,2016,Groundnut,Rabi,3969.0,9200.0,2.317964222726128,0.2768864296859296
Srikakulam,2016,Maize,Rabi,6573.0,33654.0,5.120036513007759,0.2768864296859296
Srikakulam,2016,Rice,Rabi,2344.0,6524.0,2.7832764505119454,0.2768864296859296
Srikakulam,2017,Groundnut,Rabi,5371.0,11037.0,2.0549245950474773,0.3073978071953208
Srikakulam,2017,Maize,Rabi,21665.0,105140.0,4.852988691437803,0.3073978071953208
Srikakulam,2017,Rice,Rabi,4045.0,12293.0,3.039060568603214,0.3073978071953208
Srikakulam,2018,Cotton,Kharif,5488.0,16246.0,2.9602769679300294,0.3870115889656644
Srikakulam,2018,Groundnut,Kharif,2041.0,2241.0,1.0979911807937286,0.3870115889656644
Srikakulam,2018,Groundnut,Rabi,4348.0,6718.0,1.5450781968721252,0.3450050569375687
Srikakulam,2018,Maize,Kharif,14747.0,67394.0,4.570014240184444,0.3870115889656644
Srikakulam,2018,Maize,Rabi,14488.0,68253.0,4.711002208724461,0.3450050569375687
Srikakulam,2018,Rice,Kharif,209426.0,431177.0,2.058851336510271,0.3870115889656644
Srikakulam,2018,Rice,Rabi,5236.0,14926.0,2.8506493506493507,0.3450050569375687
Srikakulam,2018,Sugarcane,Kharif,6007.0,453349.0,75.47011819543866,0.3870115889656644
Srikakulam,2019,Cotton,Kharif,5712.0,3016.0,0.5280112044817927,0.5611123827743354
Srikakulam,2019,Groundnut,Kharif,1097.0,1497.0,1.3646308113035552,0.5611123827743354
Srikakulam,2019,Groundnut,Rabi,3799.0,5862.0,1.5430376414846012,0.4071000274657717
Srikakulam,2019,Maize,Kharif,15975.0,73325.0,4.589984350547731,0.5611123827743354
Srikakulam,2019,Maize,Rabi,24924.0,188077.0,7.546019900497512,0.4071000274657717
Srikakulam,2019,Rice,Kharif,209640.0,594503.0,2.835828086243084,0.5611123827743354
Srikakulam,2019,Rice,Rabi,9520.0,30457.0,3.199264705882353,0.4071000274657717
Srikakulam,2019,Sugarcane,Kharif,5650.0,429400.0,76.0,0.5611123827743354
Srikakulam,2020,Cotton,Kharif,3723.0,13491.0,3.6236905721192585,0.48863679095907
Srikakulam,2020,Groundnut,Kharif,341.0,444.0,1.3020527859237536,0.48863679095907
Srikakulam,2020,Groundnut,Rabi,4993.0,8823.0,1.7670739034648508,0.3702052913117118
Srikakulam,2020,Maize,Kharif,14955.0,47377.0,3.167970578401872,0.48863679095907
Srikakulam,2020,Maize,Rabi,19541.0,103274.0,5.284990532726063,0.3702052913117118
Srikakulam,2020,Rice,Kharif,195124.0,504643.0,2.5862682191836988,0.48863679095907
Srikakulam,2020,Rice,Rabi,14471.0,44271.0,3.059290995784673,0.3702052913117118
Srikakulam,2020,Sugarcane,Kharif,3943.0,284147.0,72.06365711387268,0.48863679095907
Srikakulam,2021,Cotton,Kharif,3457.0,9619.0,2.782470350014463,0.4856411205660073
Srikakulam,2021,Groundnut,Kharif,296.0,316.0,1.0675675675675675,0.4856411205660073
Srikakulam,2021,Groundnut,Rabi,5258.0,11310.0,2.151007987828072,0.3559461093781091
Srikakulam,2021,Maize,Kharif,14388.0,42171.0,2.930984153461217,0.4856411205660073
Srikakulam,2021,Maize,Rabi,21587.0,135804.0,6.291008477324316,0.3559461093781091
Srikakulam,2021,Rice,Kharif,197038.0,514680.0,2.61208497853206,0.4856411205660073
Srikakulam,2021,Rice,Rabi,8157.0,23938.0,2.9346573495157533,0.3559461093781091
Srikakulam,2021,Sugarcane,Kharif,3586.0,251020.0,70.0,0.4856411205660073
Srikakulam,2022,Cotton,Kharif,1381.0,3454.0,2.501086169442433,0.4138413346848003
Srikakulam,2022,Groundnut,Kharif,157.0,215.0,1.3694267515923566,0.4138413346848003
Srikakulam,2022,Groundnut,Rabi,3860.0,10256.0,2.6569948186528496,0.2935243361501857
Srikakulam,2022,Maize,Kharif,10277.0,43503.0,4.23304466283935,0.4138413346848003
Srikakulam,2022,Maize,Rabi,18306.0,148370.0,8.104992898503223,0.2935243361501857
Srikakulam,2022,Rice,Kharif,151116.0,473679.0,3.13453902961963,0.4138413346848003
Srikakulam,2022,Rice,Rabi,8721.0,27529.0,3.1566334135993577,0.2935243361501857
Srikakulam,2022,Sugarcane,Kharif,945.0,85260.0,90.22222222222224,0.4138413346848003
Srikakulam,2023,Cotton,Kharif,1059.07,3794.11,3.582492186541022,0.3707573197552915
Srikakulam,2023,Groundnut,Kharif,103.0,354.13,3.4381553398058253,0.3707573197552915
Srikakulam,2023,Groundnut,Rabi,3542.15,8903.72,2.513648490323673,0.2936536942716298
Srikakulam,2023,Maize,Kharif,8064.06,36364.21,4.509417092630759,0.3707573197552915
Srikakulam,2023,Maize,Rabi,15912.31,146531.96,9.208717024743736,0.2936536942716298
Srikakulam,2023,Rice,Kharif,143740.0,399277.33,2.7777746625852235,0.3707573197552915
Srikakulam,2023,Rice,Rabi,5027.04,15729.51,3.128980473598778,0.2936536942716298
Srikakulam,2023,Sugarcane,Kharif,688.08,52269.53,75.96432100918497,0.3707573197552915
Srikakulam,2024,Cotton,Kharif,1034.15,3717.95,3.595174781221292,0.3420141815030055
Srikakulam,2024,Groundnut,Kharif,106.24,376.19,3.540945030120482,0.3420141815030055
Srikakulam,2024,Groundnut,Rabi,3372.39,8410.0,2.4937803753421166,0.3064507250975262
Srikakulam,2024,Maize,Kharif,8218.61,40158.72,4.886315325827603,0.3420141815030055
Srikakulam,2024,Maize,Rabi,15765.73,125652.18,7.9699563547009875,0.3064507250975262
Srikakulam,2024,Rice,Kharif,146816.17,474813.79,3.234070130013608,0.3420141815030055
Srikakulam,2024,Rice,Rabi,5265.63,18696.56,3.550678646239861,0.3064507250975262
Srikakulam,2024,Sugarcane,Kharif,711.72,61294.98,86.12232338560108,0.3420141815030055
Visakhapatnam,2015,Groundnut,Rabi,670.0,849.0,1.2671641791044777,0.4464078087623501
Visakhapatnam,2015,Maize,Rabi,1279.0,8535.0,6.673182173573104,0.4464078087623501
Visakhapatnam,2015,Rice,Rabi,4515.0,10920.0,2.4186046511627906,0.4464078087623501
Visakhapatnam,2015,Tobacco,Rabi,87.0,251.0,2.885057471264368,0.4464078087623501
Visakhapatnam,2016,Groundnut,Rabi,625.0,1026.0,1.6416,0.3846336375370289
Visakhapatnam,2016,Maize,Rabi,1084.0,6416.0,5.918819188191882,0.3846336375370289
Visakhapatnam,2016,Rice,Rabi,4455.0,9361.0,2.1012345679012348,0.3846336375370289
Visakhapatnam,2016,Tobacco,Rabi,42.0,110.0,2.619047619047619,0.3846336375370289
Visakhapatnam,2017,Groundnut,Rabi,598.0,1021.0,1.7073578595317729,0.3429614989875783
Visakhapatnam,2017,Maize,Rabi,1203.0,7874.0,6.545303408146301,0.3429614989875783
Visakhapatnam,2017,Rice,Rabi,4038.0,9905.0,2.452947003467063,0.3429614989875783
Visakhapatnam,2017,Tobacco,Rabi,44.0,114.0,2.590909090909091,0.3429614989875783
Visakhapatnam,2018,Cotton,Kharif,1092.0,1632.0,1.4945054945054943,0.4659220616698186
Visakhapatnam,2018,Groundnut,Kharif,1726.0,2608.0,1.511008111239861,0.4659220616698186
Visakhapatnam,2018,Groundnut,Rabi,411.0,697.0,1.6958637469586375,0.4254716259848745
Visakhapatnam,2018,Maize,Kharif,5814.0,16227.0,2.791021671826625,0.4659220616698186
Visakhapatnam,2018,Maize,Rabi,574.0,4062.0,7.076655052264808,0.4254716259848745
Visakhapatnam,2018,Rice,Kharif,99900.0,168397.0,1.6856556556556557,0.4659220616698186
Visakhapatnam,2018,Rice,Rabi,2984.0,7742.0,2.594504021447721,0.4254716259848745
Visakhapatnam,2018,Sugarcane,Kharif,31417.0,1971707.0,62.75923862876787,0.4659220616698186
Visakhapatnam,2018,Tobacco,Kharif,345.0,1084.0,3.1420289855072463,0.4659220616698186
Visakhapatnam,2018,Tobacco,Rabi,18.0,51.0,2.833333333333333,0.4254716259848745
Visakhapatnam,2019,Cotton,Kharif,976.0,396.0,0.4057377049180328,0.5077666762641732
Visakhapatnam,2019,Groundnut,Kharif,1551.0,2275.0,1.466795615731786,0.5077666762641732
Visakhapatnam,2019,Groundnut,Rabi,512.0,849.0,1.658203125,0.5134838974850768
Visakhapatnam,2019,Maize,Kharif,4894.0,16512.0,3.373927257866776,0.5077666762641732
Visakhapatnam,2019,Maize,Rabi,661.0,4740.0,7.170953101361573,0.5134838974850768
Visakhapatnam,2019,Rice,Kharif,96998.0,230642.0,2.3778016041567867,0.5077666762641732
Visakhapatnam,2019,Rice,Rabi,6559.0,18873.0,2.8774203384662296,0.5134838974850768
Visakhapatnam,2019,Sugarcane,Kharif,30434.0,1920521.0,63.104455543142535,0.5077666762641732
Visakhapatnam,2019,Tobacco,Kharif,440.0,1466.0,3.331818181818182,0.5077666762641732
Visakhapatnam,2019,Tobacco,Rabi,31.0,83.0,2.677419354838709,0.5134838974850768
Visakhapatnam,2020,Cotton,Kharif,810.0,660.0,0.8148148148148148,0.6048005304888006
Visakhapatnam,2020,Groundnut,Kharif,1385.0,2925.0,2.111913357400722,0.6048005304888006
Visakhapatnam,2020,Groundnut,Rabi,647.0,894.0,1.3817619783616693,0.4593401828993909
Visakhapatnam,2020,Maize,Kharif,4690.0,14980.0,3.194029850746269,0.6048005304888006
Visakhapatnam,2020,Maize,Rabi,857.0,6084.0,7.099183197199533,0.4593401828993909
Visakhapatnam,2020,Rice,Kharif,102722.0,249848.0,2.432273514923774,0.6048005304888006
Visakhapatnam,2020,Rice,Rabi,5548.0,19377.0,3.4926099495313627,0.4593401828993909
Visakhapatnam,2020,Sugarcane,Kharif,23633.0,1514719.0,64.09338636652139,0.6048005304888006
Visakhapatnam,2020,Tobacco,Kharif,225.0,717.0,3.1866666666666665,0.6048005304888006
Visakhapatnam,2020,Tobacco,Rabi,9.0,25.0,2.7777777777777777,0.4593401828993909
Visakhapatnam,2021,Cotton,Kharif,274.0,315.0,1.1496350364963503,0.5958836644580444
Visakhapatnam,2021,Groundnut,Kharif,1738.0,3026.0,1.7410817031070196,0.5958836644580444
Visakhapatnam,2021,Groundnut,Rabi,564.0,917.0,1.625886524822695,0.4114905067507215
Visakhapatnam,2021,Maize,Kharif,3440.0,11538.0,3.3540697674418603,0.5958836644580444
Visakhapatnam,2021,Maize,Rabi,1060.0,4747.0,4.478301886792453,0.4114905067507215
Visakhapatnam,2021,Rice,Kharif,98935.0,244463.0,2.4709455703239502,0.5958836644580444
Visakhapatnam,2021,Rice,Rabi,3435.0,10309.0,3.001164483260553,0.4114905067507215
Visakhapatnam,2021,Sugarcane,Kharif,19590.0,1193903.0,60.9445125063808,0.5958836644580444
Visakhapatnam,2021,Tobacco,Kharif,95.0,338.0,3.557894736842105,0.5958836644580444
Visakhapatnam,2021,Tobacco,Rabi,7.0,19.0,2.7142857142857144,0.4114905067507215
Visakhapatnam,2022,Cotton,Kharif,2764.0,7844.0,2.837916063675832,0.4531161232159737
Visakhapatnam,2022,Groundnut,Kharif,2953.0,5675.0,1.9217744666440908,0.4531161232159737
Visakhapatnam,2022,Groundnut,Rabi,466.0,768.0,1.648068669527897,0.3252373438628249
Visakhapatnam,2022,Maize,Kharif,4321.0,13562.0,3.1386253182133763,0.4531161232159737
Visakhapatnam,2022,Maize,Rabi,2198.0,10802.0,4.914467697907188,0.3252373438628249
Visakhapatnam,2022,Rice,Kharif,119817.0,368837.0,3.078336129263794,0.4531161232159737
Visakhapatnam,2022,Rice,Rabi,3774.0,11266.0,2.985161632220456,0.3252373438628249
Visakhapatnam,2022,Sugarcane,Kharif,16000.0,942077.0,58.8798125,0.4531161232159737
Visakhapatnam,2022,Tobacco,Kharif,117.0,259.0,2.213675213675214,0.4531161232159737
Visakhapatnam,2022,Tobacco,Rabi,116.0,290.0,2.5,0.3252373438628249
Visakhapatnam,2023,Cotton,Kharif,2018.77,7300.209999999999,3.6161672701694583,0.3846181073691734
Visakhapatnam,2023,Groundnut,Kharif,1811.96,3762.69,2.076585575840526,0.3846181073691734
Visakhapatnam,2023,Groundnut,Rabi,283.01,519.2900000000001,1.8348821596410023,0.330127446129921
Visakhapatnam,2023,Maize,Kharif,1742.01,6037.37,3.465749335537684,0.3846181073691734
Visakhapatnam,2023,Maize,Rabi,1213.02,9328.73,7.690499744439498,0.330127446129921
Visakhapatnam,2023,Rice,Kharif,101451.0,221672.25,2.185017890410149,0.3846181073691734
Visakhapatnam,2023,Rice,Rabi,2895.02,8840.06,3.0535402173387403,0.330127446129921
Visakhapatnam,2023,Sugarcane,Kharif,8514.92,551165.1300000001,64.72933744533127,0.3846181073691734
Visakhapatnam,2023,Tobacco,Kharif,1380.88,4936.89,3.575176698916633,0.3846181073691734
Visakhapatnam,2024,Cotton,Kharif,2112.36,7530.08,3.5647711564316684,0.402773313217285
Visakhapatnam,2024,Groundnut,Kharif,1822.06,3453.32,1.8952833605918575,0.402773313217285
Visakhapatnam,2024,Groundnut,Rabi,304.95,796.99,2.613510411542876,0.3467217987739314
Visakhapatnam,2024,Maize,Kharif,1854.56,4768.72,2.5713484600120786,0.402773313217285
Visakhapatnam,2024,Maize,Rabi,959.93,6248.139999999999,6.508953777879636,0.3467217987739314
Visakhapatnam,2024,Rice,Kharif,116511.2,369897.92,3.174784226752449,0.402773313217285
Visakhapatnam,2024,Rice,Rabi,3095.72,9658.06,3.119810577183983,0.3467217987739314
Visakhapatnam,2024,Sugarcane,Kharif,5962.77,425832.09,71.41514598081095,0.402773313217285
Visakhapatnam,2024,Tobacco,Kharif,193.73,518.83,2.6781087079956643,0.402773313217285
Vizianagaram,2015,Groundnut,Rabi,1712.0,4436.0,2.5911214953271027,0.3502130531472813
Vizianagaram,2015,Maize,Rabi,16835.0,119781.0,7.114998514998515,0.3502130531472813
Vizianagaram,2015,Rice,Rabi,2416.0,6667.0,2.759519867549669,0.3502130531472813
Vizianagaram,2015,Tobacco,Rabi,268.0,713.0,2.66044776119403,0.3502130531472813
Vizianagaram,2016,Cotton,Rabi,2.0,4.0,2.0,0.2874711867229377
Vizianagaram,2016,Groundnut,Rabi,1310.0,2555.0,1.950381679389313,0.2874711867229377
Vizianagaram,2016,Maize,Rabi,18529.0,121124.0,6.53699606022991,0.2874711867229377
Vizianagaram,2016,Rice,Rabi,3094.0,9410.0,3.04137039431157,0.2874711867229377
Vizianagaram,2016,Tobacco,Rabi,102.0,90.0,0.8823529411764706,0.2874711867229377
Vizianagaram,2017,Groundnut,Rabi,1051.0,2179.0,2.0732635585156998,0.3183541655420898
Vizianagaram,2017,Maize,Rabi,19606.0,167827.0,8.559981638273998,0.3183541655420898
Vizianagaram,2017,Rice,Rabi,6167.0,20098.0,3.2589589751905303,0.3183541655420898
Vizianagaram,2017,Tobacco,Rabi,70.0,97.0,1.3857142857142857,0.3183541655420898
Vizianagaram,2018,Cotton,Kharif,11485.0,26016.0,2.2652154984762736,0.4305625575986242
Vizianagaram,2018,Groundnut,Kharif,1825.0,1851.0,1.0142465753424657,0.4305625575986242
Vizianagaram,2018,Groundnut,Rabi,1047.0,2421.0,2.312320916905444,0.3547521616281037
Vizianagaram,2018,Maize,Kharif,18264.0,86663.0,4.745017520805957,0.4305625575986242
Vizianagaram,2018,Maize,Rabi,15932.0,108210.0,6.791990961586744,0.3547521616281037
Vizianagaram,2018,Rice,Kharif,121499.0,284061.0,2.3379698598342373,0.4305625575986242
Vizianagaram,2018,Rice,Rabi,3119.0,10010.0,3.2093619749919844,0.3547521616281037
Vizianagaram,2018,Sugarcane,Kharif,11695.0,760415.0,65.02052159042326,0.4305625575986242
Vizianagaram,2018,Tobacco,Rabi,75.0,105.0,1.4,0.3547521616281037
Vizianagaram,2019,Cotton,Kharif,12257.0,5430.0,0.4430121563188382,0.5274009298041985
Vizianagaram,2019,Groundnut,Kharif,980.0,1259.0,1.2846938775510204,0.5274009298041985
Vizianagaram,2019,Groundnut,Rabi,524.0,1213.0,2.314885496183206,0.4479803394064414
Vizianagaram,2019,Maize,Kharif,18600.0,99436.0,5.346021505376344,0.5274009298041985
Vizianagaram,2019,Maize,Rabi,19332.0,146034.0,7.554003724394786,0.4479803394064414
Vizianagaram,2019,Rice,Kharif,119381.0,384713.0,3.2225647297308617,0.5274009298041985
Vizianagaram,2019,Rice,Rabi,7266.0,22985.0,3.16336361134049,0.4479803394064414
Vizianagaram,2019,Sugarcane,Kharif,8968.0,567859.0,63.32058429973238,0.5274009298041985
Vizianagaram,2019,Tobacco,Rabi,51.0,81.0,1.588235294117647,0.4479803394064414
Vizianagaram,2020,Cotton,Kharif,10070.0,21451.0,2.130188679245283,0.5353970666118372
Vizianagaram,2020,Groundnut,Kharif,470.0,569.0,1.2106382978723405,0.5353970666118372
Vizianagaram,2020,Groundnut,Rabi,737.0,1871.0,2.538670284938941,0.3909038845225955
Vizianagaram,2020,Maize,Kharif,18386.0,73673.0,4.007016207984336,0.5353970666118372
Vizianagaram,2020,Maize,Rabi,22918.0,151213.0,6.598001570817698,0.3909038845225955
Vizianagaram,2020,Rice,Kharif,108497.0,310379.0,2.860715042812244,0.5353970666118372
Vizianagaram,2020,Rice,Rabi,8102.0,25365.0,3.130708467045174,0.3909038845225955
Vizianagaram,2020,Sugarcane,Kharif,5953.0,388774.0,65.30724004703511,0.5353970666118372
Vizianagaram,2020,Tobacco,Rabi,33.0,55.0,1.6666666666666667,0.3909038845225955
Vizianagaram,2021,Cotton,Kharif,9228.0,19279.0,2.0891850888599914,0.5512040370406015
Vizianagaram,2021,Groundnut,Kharif,545.0,615.0,1.128440366972477,0.5512040370406015
Vizianagaram,2021,Groundnut,Rabi,553.0,1302.0,2.354430379746836,0.3645043189622894
Vizianagaram,2021,Maize,Kharif,17573.0,70679.0,4.022022420759119,0.5512040370406015
Vizianagaram,2021,Maize,Rabi,23512.0,149395.0,6.353989452194624,0.3645043189622894
Vizianagaram,2021,Rice,Kharif,127872.0,374275.0,2.926950387887888,0.5512040370406015
Vizianagaram,2021,Rice,Rabi,4005.0,12450.0,3.108614232209738,0.3645043189622894
Vizianagaram,2021,Sugarcane,Kharif,4877.0,379685.0,77.85216321509124,0.5512040370406015
Vizianagaram,2021,Tobacco,Rabi,98.0,123.0,1.2551020408163265,0.3645043189622894
Vizianagaram,2022,Cotton,Kharif,10884.0,33121.0,3.043090775450202,0.4429548274478534
Vizianagaram,2022,Groundnut,Kharif,387.0,564.0,1.4573643410852712,0.4429548274478534
Vizianagaram,2022,Groundnut,Rabi,412.0,1225.0,2.9733009708737863,0.2954147141888893
Vizianagaram,2022,Maize,Kharif,18898.0,77771.0,4.115303206688538,0.4429548274478534
Vizianagaram,2022,Maize,Rabi,30441.0,239061.0,7.853257120331133,0.2954147141888893
Vizianagaram,2022,Rice,Kharif,165062.0,576459.0,3.492378621366517,0.4429548274478534
Vizianagaram,2022,Rice,Rabi,2256.0,7243.0,3.210549645390071,0.2954147141888893
Vizianagaram,2022,Sugarcane,Kharif,5572.0,360174.0,64.6399856424982,0.4429548274478534
Vizianagaram,2022,Tobacco,Rabi,71.0,184.0,2.591549295774648,0.2954147141888893
Vizianagaram,2023,Cotton,Kharif,7249.89,15341.64,2.1161203825161485,0.4062411136902544
Vizianagaram,2023,Groundnut,Kharif,204.0,701.38,3.4381372549019606,0.4062411136902544
Vizianagaram,2023,Groundnut,Rabi,431.02,1133.17,2.6290427358359243,0.2962593481741787
Vizianagaram,2023,Maize,Kharif,14992.1,73722.4,4.917416506026507,0.4062411136902544
Vizianagaram,2023,Maize,Rabi,23873.47,203608.69,8.528659218789727,0.2962593481741787
Vizianagaram,2023,Rice,Kharif,161802.0,526725.72,3.2553721214818108,0.4062411136902544
Vizianagaram,2023,Rice,Rabi,1599.01,5704.950000000001,3.567801327071125,0.2962593481741787
Vizianagaram,2023,Sugarcane,Kharif,4160.46,288338.53,69.30448315811232,0.4062411136902544
Vizianagaram,2024,Cotton,Kharif,8116.059999999999,18966.12,2.3368629605991083,0.3831299772587478
Vizianagaram,2024,Groundnut,Kharif,215.48,763.01,3.540978281046965,0.3831299772587478
Vizianagaram,2024,Groundnut,Rabi,480.35,1379.86,2.8726137191631103,0.3222962117472741
Vizianagaram,2024,Maize,Kharif,14742.53,71670.97,4.861510880425544,0.3831299772587478
Vizianagaram,2024,Maize,Rabi,22904.15,194594.74,8.496047222883188,0.3222962117472741
Vizianagaram,2024,Rice,Kharif,169370.66,601005.45,3.5484625849601104,0.3831299772587478
Vizianagaram,2024,Rice,Rabi,2814.48,10074.35,3.579471163412069,0.3222962117472741
Vizianagaram,2024,Sugarcane,Kharif,3981.2,358891.55000000005,90.14657640912289,0.3831299772587478
Vizianagaram,2024,Tobacco,Kharif,121.45,353.2,2.9081926718814324,0.3831299772587478
West Godavari,2015,Groundnut,Rabi,2664.0,9718.0,3.6478978978978978,0.2765133194689873
West Godavari,2015,Maize,Rabi,53613.0,382475.0,7.133997351388656,0.2765133194689873
West Godavari,2015,Rice,Rabi,174598.0,830621.0,4.7573339900800695,0.2765133194689873
West Godavari,2015,Tobacco,Rabi,21861.0,64768.0,2.96271899730113,0.2765133194689873
West Godavari,2016,Groundnut,Rabi,3036.0,11440.0,3.768115942028986,0.3263988331722577
West Godavari,2016,Maize,Rabi,55783.0,487934.0,8.747001774734239,0.3263988331722577
West Godavari,2016,Rice,Rabi,168626.0,846053.0,5.017334218922349,0.3263988331722577
West Godavari,2016,Tobacco,Rabi,20409.0,57560.0,2.820324366700965,0.3263988331722577
West Godavari,2017,Groundnut,Rabi,1869.0,7181.0,3.8421615837346175,0.3588884310036159
West Godavari,2017,Maize,Rabi,57247.0,416472.0,7.27500131011232,0.3588884310036159
West Godavari,2017,Rice,Rabi,166463.0,886415.0,5.324997146513039,0.3588884310036159
West Godavari,2017,Tobacco,Rabi,23073.0,53598.0,2.322974905733975,0.3588884310036159
West Godavari,2018,Cotton,Kharif,5235.0,16989.0,3.245272206303725,0.3771639332583816
West Godavari,2018,Groundnut,Kharif,872.0,2530.0,2.9013761467889907,0.3771639332583816
West Godavari,2018,Groundnut,Rabi,1182.0,3362.0,2.844331641285956,0.4370259715802155
West Godavari,2018,Maize,Kharif,1270.0,7372.0,5.804724409448819,0.3771639332583816
West Godavari,2018,Maize,Rabi,47279.0,340078.0,7.193003236109055,0.4370259715802155
West Godavari,2018,Rice,Kharif,226925.0,857555.0,3.779023906577063,0.3771639332583816
West Godavari,2018,Rice,Rabi,169952.0,887149.0,5.219997411033703,0.4370259715802155
West Godavari,2018,Sugarcane,Kharif,9946.0,985278.0,99.0627387894631,0.3771639332583816
West Godavari,2018,Tobacco,Rabi,19969.0,28354.0,1.4199008463117833,0.4370259715802155
West Godavari,2019,Cotton,Kharif,4856.0,2285.0,0.4705518945634266,0.4343719054676381
West Godavari,2019,Groundnut,Kharif,1117.0,2322.0,2.078782452999105,0.4343719054676381
West Godavari,2019,Groundnut,Rabi,1049.0,2910.0,2.7740705433746427,0.4519729784760102
West Godavari,2019,Maize,Kharif,1922.0,11497.0,5.981789802289282,0.4343719054676381
West Godavari,2019,Maize,Rabi,46364.0,428311.0,9.23800793719265,0.4519729784760102
West Godavari,2019,Rice,Kharif,224398.0,850763.0,3.791312756798189,0.4343719054676381
West Godavari,2019,Rice,Rabi,169775.0,915879.0,5.394663525254012,0.4519729784760102
West Godavari,2019,Sugarcane,Kharif,7722.0,758494.0,98.22507122507122,0.4343719054676381
West Godavari,2019,Tobacco,Rabi,17544.0,44128.0,2.515275877792978,0.4519729784760102
West Godavari,2020,Cotton,Kharif,4770.0,7792.0,1.6335429769392034,0.5394728740513469
West Godavari,2020,Groundnut,Kharif,816.0,2254.0,2.7622549019607843,0.5394728740513469
West Godavari,2020,Groundnut,Rabi,1170.0,4162.0,3.557264957264957,0.4109314022492313
West Godavari,2020,Maize,Kharif,1361.0,5109.0,3.753857457751653,0.5394728740513469
West Godavari,2020,Maize,Rabi,36748.0,330218.0,8.986012844236422,0.4109314022492313
West Godavari,2020,Rice,Kharif,223249.0,572064.0,2.5624482080546835,0.5394728740513469
West Godavari,2020,Rice,Rabi,190778.0,1041393.0,5.458663996896917,0.4109314022492313
West Godavari,2020,Sugarcane,Kharif,3109.0,307076.0,98.77002251527824,0.5394728740513469
West Godavari,2020,Tobacco,Rabi,13818.0,33802.0,2.446229555652048,0.4109314022492313
West Godavari,2021,Cotton,Kharif,2929.0,8184.0,2.794127688630932,0.5692112377028894
West Godavari,2021,Groundnut,Kharif,889.0,3119.0,3.5084364454443198,0.5692112377028894
West Godavari,2021,Groundnut,Rabi,1606.0,5070.0,3.156911581569116,0.3714632312384262
West Godavari,2021,Maize,Kharif,514.0,2706.0,5.264591439688716,0.5692112377028894
West Godavari,2021,Maize,Rabi,33511.0,255454.0,7.622989466145444,0.3714632312384262
West Godavari,2021,Rice,Kharif,221874.0,675091.0,3.042677375447326,0.5692112377028894
West Godavari,2021,Rice,Rabi,200077.0,1060408.0,5.299999500192426,0.3714632312384262
West Godavari,2021,Sugarcane,Kharif,1981.0,194999.0,98.434628975265,0.5692112377028894
West Godavari,2021,Tobacco,Rabi,12878.0,32680.0,2.53766112750427,0.3714632312384262
West Godavari,2022,Cotton,Kharif,3786.0,11402.0,3.01162176439514,0.3370929647087063
West Godavari,2022,Cotton,Rabi,1.0,2.0,2.0,0.3043568444085252
West Godavari,2022,Groundnut,Kharif,774.0,2512.0,3.2454780361757107,0.3370929647087063
West Godavari,2022,Groundnut,Rabi,1016.0,4049.0,3.9852362204724407,0.3043568444085252
West Godavari,2022,Maize,Kharif,388.0,1990.0,5.128865979381444,0.3370929647087063
West Godavari,2022,Maize,Rabi,29502.0,351563.0,11.91658192664904,0.3043568444085252
West Godavari,2022,Rice,Kharif,174113.0,642762.0,3.6916370403129,0.3370929647087063
West Godavari,2022,Rice,Rabi,123115.0,701541.0,5.698257726515859,0.3043568444085252
West Godavari,2022,Sugarcane,Kharif,1532.0,144750.0,94.48433420365537,0.3370929647087063
West Godavari,2022,Tobacco,Rabi,8639.0,19385.0,2.2438939692093998,0.3043568444085252
West Godavari,2023,Cotton,Kharif,3234.44,5890.23,1.821097315145744,0.383700323389668
West Godavari,2023,Groundnut,Kharif,1745.96,6870.74,3.935221883662856,0.383700323389668
West Godavari,2023,Groundnut,Rabi,1535.06,6960.32,4.534233189582166,0.3238291158849715
West Godavari,2023,Maize,Kharif,181.0,1170.28,6.465635359116022,0.383700323389668
West Godavari,2023,Maize,Rabi,23356.46,227865.13,9.75597885981009,0.3238291158849715
West Godavari,2023,Rice,Kharif,164990.0,648229.9299999999,3.928904357839869,0.383700323389668
West Godavari,2023,Rice,Rabi,121462.85,660277.71,5.43604657720447,0.3238291158849715
West Godavari,2023,Sugarcane,Kharif,1443.16,135194.95,93.6798068128274,0.383700323389668
West Godavari,2024,Cotton,Kharif,3060.42,7407.03,2.420265845864293,0.3485152913547999
West Godavari,2024,Groundnut,Kharif,1678.74,7403.69,4.410266032857977,0.3485152913547999
West Godavari,2024,Groundnut,Rabi,967.67,4555.7,4.707906621058831,0.3062868193451346
West Godavari,2024,Maize,Kharif,119.91,777.9,6.487365524143107,0.3485152913547999
West Godavari,2024,Maize,Rabi,20455.35,208668.22,10.201156176745934,0.3062868193451346
West Godavari,2024,Rice,Kharif,160933.22999999998,622509.6399999999,3.8681236932857184,0.3485152913547999
West Godavari,2024,Rice,Rabi,120855.31,678120.0,5.611007079457245,0.3062868193451346
West Godavari,2024,Sugarcane,Kharif,620.37,60822.22,98.04184599513194,0.3485152913547999
West Godavari,2024,Tobacco,Kharif,10108.82,24587.0,2.432232446517002,0.3485152913547999
